"Class","Status.of.existing.checking.account","Duration.in.month","Credit.history","Purpose","Credit.amount","Savings.account.bonds","Present.employment.since","Installment.rate.in.percentage.of.disposable.income","Other.debtors...guarantors","Present.residence.since","Property","Age.in.years","Other.installment.plans","Housing","Number.of.existing.credits.at.this.bank","Job","Number.of.people.being.liable.to.provide.maintenance.for","Telephone","Foreign.worker","Gender","Marital.Status","Weights"
"1","2","6","2","8","1169","5","4","4","3","4","3","67","2","2","2","2","1","2","2","2","4","1"
"2","1","48","4","8","5951","3","1","2","3","2","3","22","2","2","1","2","1","1","2","1","2","1"
"1","4","12","2","5","2096","3","2","2","3","3","3","49","2","2","1","4","2","1","2","2","4","1"
"1","2","42","4","6","7882","3","2","2","2","4","1","45","2","1","1","2","2","1","2","2","4","1"
"2","2","24","3","2","4870","3","1","3","3","4","4","53","2","1","2","2","2","1","2","2","4","1"
"1","4","36","4","5","9055","5","1","2","3","4","4","35","2","1","1","4","2","2","2","2","4","1"
"1","4","24","4","6","2835","2","4","3","3","4","1","53","2","2","1","2","1","1","2","2","4","1"
"1","1","36","4","3","6948","3","1","2","3","2","2","35","2","3","1","1","1","2","2","2","4","1"
"1","4","12","4","8","3059","4","2","2","3","4","3","61","2","2","1","4","1","1","2","2","1","1"
"2","1","30","2","2","5234","3","5","4","3","2","2","28","2","2","2","1","1","1","2","2","3","1"
"2","1","12","4","2","1295","3","3","3","3","1","2","25","2","3","1","2","1","1","2","1","2","1"
"2","2","48","4","1","4308","3","3","3","3","4","1","24","2","3","1","2","1","1","2","1","2","1"
"1","1","12","4","8","1567","3","1","1","3","1","2","22","2","2","1","2","1","2","2","1","2","1"
"2","2","24","2","2","1199","3","4","4","3","4","2","60","2","2","2","4","1","1","2","2","4","1"
"1","2","15","4","2","1403","3","1","2","3","4","2","28","2","3","1","2","1","1","2","1","2","1"
"2","2","24","4","8","1282","1","1","4","3","2","2","32","2","2","1","4","1","1","2","1","2","0.872727272727273"
"1","4","24","2","8","2424","5","4","4","3","4","1","53","2","2","2","2","1","1","2","2","4","1"
"1","2","30","5","1","8072","5","3","2","3","3","2","25","1","2","3","2","1","1","2","2","4","1"
"2","1","24","4","3","12579","3","4","4","3","2","4","44","2","1","1","1","1","2","2","1","2","1"
"1","4","24","4","8","3430","2","4","3","3","2","2","31","2","2","1","2","2","2","2","2","4","1"
"1","4","9","2","2","2134","3","1","4","3","4","2","48","2","2","3","2","1","2","2","2","4","1"
"1","2","6","4","8","2647","2","1","2","3","3","3","44","2","3","1","2","2","1","2","2","4","1"
"1","2","10","2","2","2241","3","3","1","3","3","3","48","2","3","2","4","2","1","1","2","4","1"
"1","1","12","2","3","1804","1","3","3","3","4","1","44","2","2","1","2","1","1","2","2","4","1"
"1","4","10","2","6","2069","5","1","2","3","1","2","26","2","2","2","2","1","1","1","2","3","0.933333333333333"
"1","2","6","4","6","1374","3","1","1","3","2","3","36","1","2","1","4","1","2","2","2","4","1"
"1","4","6","5","8","426","3","4","4","3","4","2","39","2","2","1","4","1","1","2","2","3","1"
"1","3","12","1","8","409","4","1","3","3","3","3","42","2","3","2","2","1","1","2","1","2","1"
"1","1","7","4","8","2415","3","1","3","2","2","3","34","2","2","1","2","1","1","2","2","4","1"
"2","2","60","3","1","6836","3","4","3","3","4","4","63","2","2","2","2","1","2","2","2","4","1"
"1","1","18","4","1","1913","4","3","3","3","3","3","36","1","2","1","2","1","2","2","2","3","1"
"1","2","24","4","6","4020","3","1","2","3","2","2","27","3","2","1","2","1","1","2","2","4","1"
"1","1","18","4","2","5866","1","1","2","3","2","2","30","2","2","2","2","1","2","2","2","4","1"
"1","4","12","2","1","1264","5","4","4","3","4","4","57","2","3","1","4","1","1","2","2","4","1"
"1","3","12","4","6","1474","3","3","4","3","1","1","33","1","2","1","1","1","2","2","1","2","1"
"2","1","45","2","8","4746","3","3","4","3","2","1","25","2","2","2","4","1","1","2","2","4","1"
"1","4","48","2","5","6110","3","1","1","3","3","4","31","1","1","1","2","1","2","2","2","4","1"
"2","3","18","4","8","2100","3","1","4","1","2","3","37","3","2","1","2","1","1","2","2","4","1"
"1","3","10","4","4","1225","3","1","2","3","2","2","37","2","2","1","2","1","2","2","2","4","1"
"1","1","9","4","8","458","3","1","4","3","3","3","24","2","2","1","2","1","1","2","2","4","1"
"1","4","30","4","8","2333","2","4","4","3","2","2","30","1","2","1","1","1","1","2","2","4","1"
"1","1","12","4","8","1158","2","1","3","3","1","2","26","2","2","1","2","1","2","2","2","1","1"
"1","1","18","3","9","6204","3","1","2","3","4","3","44","2","2","1","4","2","2","2","2","4","1"
"1","2","30","2","3","6187","1","2","1","3","4","2","24","2","3","2","2","1","1","2","2","3","1"
"2","2","48","2","3","6143","3","4","4","3","4","4","58","3","1","2","4","1","1","2","1","2","0.872727272727273"
"1","4","11","2","2","1393","3","3","4","3","4","2","35","2","2","2","1","1","1","2","1","2","1"
"1","4","36","4","8","2299","2","4","4","3","4","2","39","2","2","1","2","1","1","2","2","4","1"
"1","2","6","4","3","1352","2","5","1","3","2","1","23","2","3","1","3","1","2","2","1","2","1"
"1","4","11","2","2","7228","3","1","1","3","4","1","39","2","2","2","4","1","1","2","2","4","1"
"1","4","12","4","8","2073","1","1","4","1","2","3","28","2","2","1","2","1","1","2","1","2","1"
"1","1","24","3","6","2333","5","3","4","3","2","1","29","1","2","1","4","1","1","2","2","4","1"
"1","1","27","3","3","5965","3","4","1","3","2","2","30","2","2","2","1","1","2","2","2","4","1"
"1","4","12","4","8","1262","3","1","3","3","2","2","25","2","2","1","2","1","1","2","2","4","1"
"1","4","18","4","3","3378","5","1","2","3","1","1","31","2","2","1","2","1","2","2","2","4","1"
"2","1","36","3","2","2225","3","4","4","3","4","4","57","1","1","2","2","1","2","2","2","4","1"
"1","4","6","1","2","783","5","1","1","2","2","3","26","3","2","1","4","2","1","2","2","4","1"
"2","1","12","4","8","6468","5","5","2","3","1","4","52","2","2","1","1","1","2","2","2","4","1"
"1","4","36","2","8","9566","3","1","2","3","2","2","31","3","2","2","2","1","1","2","1","2","1"
"1","3","18","4","2","1961","3","4","3","3","2","2","23","2","2","1","1","1","1","2","1","2","1"
"2","2","36","2","6","6229","3","3","4","1","4","4","23","2","3","2","4","1","2","2","1","2","0.872727272727273"
"1","1","9","4","1","1391","3","1","2","3","1","3","27","1","2","1","2","1","2","2","2","3","1"
"1","1","15","2","8","1537","5","4","4","2","4","3","50","2","2","2","2","1","2","2","2","4","1"
"2","1","36","5","1","1953","3","4","4","3","4","4","61","2","1","1","1","1","2","2","2","4","1"
"2","1","48","5","1","14421","3","1","2","3","2","2","25","2","2","1","2","1","2","2","2","4","1"
"1","4","24","4","8","3181","3","3","4","3","4","1","26","2","2","1","2","1","2","2","1","2","1"
"1","4","27","4","9","5190","5","4","4","3","4","1","48","2","2","4","2","2","2","2","2","4","1"
"1","4","12","4","8","2171","3","3","2","3","2","2","29","1","2","1","2","1","1","2","1","2","1"
"1","1","12","4","2","1007","4","1","4","3","1","3","22","2","2","1","2","1","1","2","2","3","1"
"2","4","36","4","5","1819","3","1","4","3","4","4","37","3","1","1","2","1","2","2","2","4","1"
"1","4","36","4","8","2394","5","1","4","3","4","2","25","2","2","1","2","1","1","2","1","2","1"
"1","4","36","4","3","8133","3","1","1","3","2","1","30","1","2","1","2","1","1","2","1","2","1"
"1","4","7","2","8","730","5","4","4","3","2","1","46","2","3","2","4","1","2","2","2","4","1"
"1","2","8","2","7","1164","3","4","3","3","4","4","51","1","1","2","1","2","2","2","2","4","1"
"1","1","42","2","1","5954","3","2","2","3","1","3","41","1","2","2","4","1","1","2","1","2","1.06666666666667"
"2","2","36","4","5","1977","5","4","4","3","4","4","40","2","2","1","1","1","2","2","2","4","1"
"1","2","12","2","3","1526","3","4","4","3","4","4","66","2","1","2","1","1","1","2","2","4","1"
"2","2","42","4","8","3965","3","3","4","3","3","2","34","2","2","1","2","1","1","2","2","4","1"
"1","1","11","3","8","4771","3","2","2","3","4","1","51","2","2","1","2","1","1","2","2","4","1"
"1","4","54","5","3","9436","5","1","2","3","2","1","39","2","2","1","4","2","1","2","2","4","1"
"1","1","30","4","6","3832","3","3","2","3","1","1","22","2","2","1","2","1","1","2","2","3","1"
"2","4","24","4","8","5943","5","3","1","3","1","2","44","2","2","2","2","1","2","2","1","2","1"
"1","4","15","4","8","1213","2","4","4","3","3","1","47","3","2","1","2","1","2","2","2","4","1"
"1","4","18","4","1","1568","1","1","3","3","4","1","24","2","3","1","4","1","1","2","1","2","1.06666666666667"
"1","2","24","4","7","1755","3","4","4","2","4","3","58","2","2","1","4","1","2","2","1","2","1.06666666666667"
"1","2","10","4","8","2315","3","4","3","3","4","3","52","2","2","1","4","1","1","2","2","4","1"
"1","4","12","2","1","1412","3","1","4","2","2","3","29","2","2","2","1","1","2","2","1","2","1"
"1","1","18","2","6","1295","3","3","4","3","1","1","27","2","2","2","2","1","1","2","1","2","1"
"2","1","36","4","5","12612","1","1","1","3","4","4","47","2","1","1","2","2","2","2","2","4","1"
"1","2","18","4","2","2249","1","2","4","3","3","2","30","2","2","1","1","2","2","2","2","4","1"
"2","2","12","5","9","1108","3","2","4","3","3","3","28","2","2","2","2","1","1","2","2","4","1"
"1","4","12","2","8","618","3","4","4","3","4","3","56","2","2","1","2","1","1","2","2","4","1"
"1","2","12","2","3","1409","3","4","4","3","3","3","54","2","2","1","2","1","1","2","2","4","1"
"2","4","12","2","8","797","5","4","4","3","3","1","33","1","2","1","4","2","1","2","1","2","0.872727272727273"
"1","3","24","2","6","3617","5","4","4","1","4","4","20","2","3","2","2","1","1","2","2","4","1"
"1","1","12","4","2","1318","4","4","4","3","4","3","54","2","2","1","2","1","2","2","2","4","1"
"2","1","54","5","1","15945","3","3","3","3","4","4","58","2","3","1","2","1","2","2","2","4","1"
"1","4","12","2","5","2012","5","2","4","3","2","2","61","2","2","1","2","1","1","2","1","2","1"
"1","1","18","4","1","2622","1","1","4","3","4","2","34","2","2","1","2","1","1","2","2","4","1"
"1","1","36","2","8","2337","3","4","4","3","4","3","36","2","2","1","2","1","1","2","2","4","1"
"1","1","20","3","3","7057","5","2","3","3","4","1","36","1","3","2","1","2","2","2","2","4","1"
"1","4","24","4","2","1469","1","4","4","3","4","3","41","2","3","1","4","1","1","2","2","3","1"
"1","1","36","4","8","2323","3","2","4","3","4","2","24","2","3","1","2","1","1","2","2","4","1"
"1","4","6","3","8","932","3","1","3","3","2","3","24","2","2","1","2","1","1","2","1","2","1"
"1","1","9","2","6","1919","3","2","4","3","3","2","35","2","3","1","2","1","2","2","2","4","1"
"1","4","12","4","3","2445","5","3","2","3","4","2","26","2","3","1","2","1","2","2","2","3","1"
"2","1","24","2","7","11938","3","1","2","1","3","2","39","2","2","2","1","2","2","2","2","4","1"
"2","4","18","1","2","6458","3","4","2","3","4","4","39","1","2","2","1","2","2","2","2","4","1"
"1","1","12","4","2","6078","3","2","2","3","2","2","32","2","2","1","2","1","1","2","2","4","1"
"1","2","24","4","6","7721","5","3","1","3","2","1","30","2","2","1","2","1","2","1","1","2","1"
"1","1","14","4","1","1410","2","4","1","3","2","3","35","2","2","1","2","1","2","2","2","3","1"
"1","1","6","3","1","1449","1","4","1","3","2","2","31","1","2","2","2","2","1","2","2","1","1"
"1","3","15","4","5","392","3","3","4","3","4","1","23","2","3","1","2","1","2","2","1","2","1"
"1","1","18","4","2","6260","3","2","3","3","3","3","28","2","3","1","4","1","1","2","2","4","1"
"2","4","36","2","2","7855","3","1","4","3","2","3","25","3","2","2","2","1","2","2","1","2","1"
"1","2","12","4","8","1680","2","4","3","3","1","3","35","2","2","1","2","1","1","2","2","3","1"
"1","4","48","2","8","3578","5","4","4","3","1","3","47","2","2","1","2","1","2","2","2","4","1"
"2","2","42","4","8","7174","5","2","4","3","3","2","30","2","2","1","1","1","2","2","1","2","1"
"1","2","10","2","6","2132","5","3","2","1","3","3","27","2","3","2","2","1","1","1","1","2","1"
"2","2","33","2","6","4281","2","1","1","3","4","2","23","2","2","2","2","1","1","2","1","2","1"
"1","1","12","2","2","2366","2","2","3","3","3","2","36","2","2","1","1","1","2","2","2","1","1"
"2","2","21","4","8","1835","3","1","3","3","2","3","25","2","2","2","2","1","2","2","1","2","1"
"1","4","24","2","3","3868","3","4","4","3","2","2","41","2","3","2","1","1","2","2","1","2","1"
"1","4","12","4","6","1768","3","1","3","3","2","3","24","2","3","1","4","1","1","2","2","4","1"
"1","3","10","2","2","781","3","4","4","3","4","4","63","2","1","2","2","1","2","2","2","4","1"
"2","1","18","4","6","1924","5","3","4","3","3","3","27","2","3","1","2","1","1","2","1","2","1"
"1","2","12","2","2","2121","3","1","4","3","2","1","30","2","2","2","2","1","1","2","2","4","1"
"1","2","12","4","8","701","3","1","4","3","2","3","40","2","2","1","4","1","1","2","2","3","1"
"2","1","12","4","9","639","3","1","4","3","2","2","30","2","2","1","2","1","1","2","2","4","1"
"1","1","12","2","3","1860","3","5","4","3","2","2","34","2","2","2","1","1","2","2","2","4","1"
"2","2","12","2","2","3499","3","1","3","1","2","3","29","2","2","2","2","1","1","2","1","2","1"
"1","1","48","4","2","8487","5","2","1","3","2","2","24","2","2","1","2","1","1","2","1","2","1"
"2","2","36","3","5","6887","3","1","4","3","3","1","29","3","2","1","2","1","2","2","2","4","1"
"1","4","15","4","6","2708","3","3","2","3","3","1","27","1","2","2","4","1","1","2","2","4","1"
"1","4","18","4","6","1984","3","1","4","3","4","4","47","1","1","2","2","1","1","2","2","4","1"
"1","4","60","4","8","10144","1","2","2","3","4","3","21","2","2","1","2","1","2","2","1","2","1"
"1","4","12","2","8","1240","5","4","4","3","2","3","38","2","2","2","2","1","2","2","1","2","1"
"1","4","27","3","3","8613","4","1","2","3","2","2","27","2","2","2","2","1","1","2","2","4","1"
"2","1","12","4","8","766","2","1","4","3","3","3","66","2","2","1","4","1","1","2","2","4","1"
"1","1","15","2","8","2728","5","2","4","2","2","3","35","1","2","3","2","1","2","2","2","4","1"
"1","3","12","4","8","1881","3","1","2","3","2","2","44","2","3","1","4","1","2","2","1","2","1.06666666666667"
"1","3","6","4","2","709","4","3","2","3","2","3","27","2","2","1","3","1","1","1","2","3","1"
"1","1","36","4","8","4795","3","3","4","3","1","4","30","2","2","1","1","1","2","2","1","2","1"
"1","2","27","4","8","3416","3","1","3","3","2","2","27","2","2","1","1","1","1","2","2","4","1"
"2","2","18","4","6","2462","3","1","2","3","2","2","22","2","2","1","2","1","1","2","2","4","1"
"1","4","21","2","6","2288","3","3","4","3","4","1","23","2","2","1","2","1","2","2","1","2","1"
"1","1","48","1","1","3566","1","2","4","3","2","2","30","2","2","1","2","1","1","2","2","4","1"
"1","2","6","2","2","860","3","4","1","3","4","4","39","2","2","2","2","1","2","2","1","2","1"
"1","4","12","2","2","682","1","2","4","3","3","2","51","2","2","2","2","1","2","2","1","2","1"
"1","2","36","2","6","5371","3","1","3","2","2","1","28","2","2","2","2","1","1","2","2","4","1"
"1","4","18","2","8","1582","4","4","4","3","4","2","46","2","2","2","2","1","1","2","2","4","1"
"1","4","6","4","8","1346","1","4","2","3","4","4","42","1","1","1","2","2","2","2","2","4","1"
"1","4","10","4","8","1924","3","1","1","3","4","1","38","2","2","1","2","1","2","1","2","4","1"
"1","3","36","4","8","5848","3","1","4","3","1","2","24","2","2","1","2","1","1","2","2","4","1"
"1","1","24","2","3","7758","4","4","2","3","4","4","29","2","3","1","2","1","1","2","1","2","1"
"1","1","24","3","1","6967","1","2","4","3","4","2","36","2","3","1","1","1","2","2","2","4","1"
"2","2","12","4","6","1282","3","1","2","3","4","2","20","2","3","1","2","1","1","2","1","2","1"
"1","2","9","2","9","1288","1","4","3","2","4","3","48","2","2","2","2","2","1","1","2","4","1"
"1","2","12","1","10","339","3","4","4","3","1","2","45","1","2","1","4","1","1","2","2","3","1"
"1","1","24","4","2","3512","1","2","2","3","3","2","38","1","2","2","2","1","2","2","2","4","1"
"1","4","6","2","8","1898","5","1","1","3","2","3","34","2","2","2","4","2","1","2","2","4","1"
"1","4","24","2","8","2872","1","4","3","3","4","3","36","2","2","1","2","2","2","2","2","4","1"
"1","4","18","2","2","1055","3","3","4","3","1","1","30","2","2","2","2","1","1","2","1","2","1"
"1","4","15","4","4","1262","2","2","4","3","3","1","36","2","2","2","2","1","2","2","2","4","1"
"1","1","10","4","2","7308","3","5","2","3","4","4","70","1","1","1","1","1","2","2","2","4","1"
"1","4","36","4","2","909","2","4","4","3","4","1","36","2","2","1","2","1","1","2","2","4","1"
"1","4","6","4","6","2978","2","1","1","3","2","2","32","2","2","1","2","1","2","2","2","4","1"
"2","2","18","4","6","1131","3","5","4","3","2","2","33","2","2","1","2","1","1","2","1","2","1"
"1","1","11","4","6","1577","4","3","4","3","1","3","20","2","2","1","2","1","1","2","1","2","1"
"1","4","24","4","6","3972","3","2","2","3","4","1","25","2","3","1","2","1","2","2","1","2","1"
"2","1","24","2","1","1935","3","4","4","3","4","3","31","2","2","2","2","1","2","2","2","1","1"
"2","2","15","5","2","950","3","4","4","3","3","2","33","2","3","2","2","2","1","2","2","4","1"
"1","4","12","4","6","763","3","1","4","3","1","3","26","2","2","1","2","1","2","2","1","2","1"
"2","1","24","3","6","2064","3","5","3","3","2","1","34","2","2","1","1","1","2","2","1","2","1"
"1","1","8","4","8","1414","3","1","4","2","2","3","33","2","2","1","2","1","1","1","2","4","1"
"2","2","21","3","5","3414","3","3","2","3","1","1","26","2","2","2","2","1","1","2","2","4","1"
"2","4","30","1","3","7485","5","5","4","3","1","3","53","1","2","1","1","1","2","2","1","2","1"
"1","2","12","4","6","2577","3","1","2","3","1","2","42","2","2","1","2","1","1","2","2","1","1"
"1","2","6","2","8","338","2","4","4","3","4","2","52","2","2","2","2","1","1","2","2","4","1"
"1","4","12","4","8","1963","3","2","4","3","2","2","31","2","3","2","1","2","2","2","2","4","1"
"1","2","21","2","2","571","3","4","4","3","4","3","65","2","2","2","2","1","1","2","2","4","1"
"2","4","36","3","1","9572","3","3","1","3","1","2","28","2","2","2","2","1","1","2","2","1","1"
"2","1","36","3","1","4455","3","1","2","3","2","3","30","3","2","2","1","1","2","2","2","1","1"
"2","2","21","1","2","1647","5","1","4","3","2","1","40","2","2","2","4","2","1","2","2","4","1"
"1","4","24","2","6","3777","4","1","4","3","4","3","50","2","2","1","2","1","2","2","2","4","1"
"2","1","18","2","2","884","3","4","4","3","4","2","36","1","2","1","2","2","2","2","2","4","1"
"1","4","15","2","8","1360","3","1","4","3","2","1","31","2","2","2","2","1","1","2","2","4","1"
"2","1","9","1","3","5129","3","4","2","3","4","4","74","1","1","1","1","2","2","2","1","2","1"
"1","1","16","2","2","1175","3","5","2","3","3","2","68","2","1","3","3","1","2","2","2","4","1"
"2","2","12","4","8","674","1","2","4","3","1","1","20","2","2","1","2","1","1","2","2","3","1"
"1","1","18","5","6","3244","3","1","1","3","4","2","33","1","2","2","2","1","2","2","1","2","1"
"2","4","24","4","1","4591","4","1","2","3","3","1","54","2","2","3","1","1","2","2","2","4","1"
"2","1","48","5","1","3844","1","2","4","3","4","4","34","2","1","1","4","2","1","2","2","4","1"
"2","1","27","4","1","3915","3","1","4","3","2","2","36","2","2","1","2","2","2","2","2","4","1"
"1","4","6","4","8","2108","3","2","2","3","2","3","29","2","3","1","2","1","1","2","2","3","1"
"2","1","45","4","8","3031","1","1","4","2","4","1","21","2","3","1","2","1","1","2","2","4","1"
"2","1","9","2","5","1501","3","4","2","3","3","2","34","2","2","2","1","1","2","2","1","2","1"
"1","4","6","2","8","1382","3","1","1","3","1","2","28","2","2","2","2","1","2","2","1","2","1"
"2","1","12","4","6","951","1","3","4","3","4","2","27","1","3","4","2","1","1","2","1","2","1"
"1","1","24","4","3","2760","5","4","4","3","4","4","36","1","1","1","2","1","2","2","2","4","1"
"2","1","18","3","6","4297","3","4","4","3","3","4","40","2","2","1","1","1","2","2","2","1","1"
"1","4","9","2","5","936","2","4","4","3","2","2","52","2","2","2","2","1","2","2","2","4","1"
"1","2","12","4","2","1168","3","1","4","3","3","3","27","2","2","1","4","1","1","2","2","3","1"
"1","4","27","3","1","5117","3","2","3","3","4","2","26","2","2","2","2","1","1","2","2","4","1"
"2","2","12","4","10","902","3","2","4","3","4","1","21","2","3","1","2","1","1","2","2","3","1"
"1","4","12","2","2","1495","3","4","4","3","1","3","38","2","2","2","4","2","1","2","2","4","1"
"1","2","30","2","3","10623","3","4","3","3","4","4","38","2","1","3","1","2","2","2","2","4","1"
"1","4","12","2","6","1935","3","4","4","3","4","3","43","2","2","3","2","1","2","2","2","4","1"
"1","1","12","2","4","1424","3","2","4","3","3","1","26","2","2","1","2","1","1","2","2","4","1"
"1","2","24","4","1","6568","3","1","2","3","2","2","21","3","2","1","4","1","1","2","2","3","1"
"1","4","12","4","3","1413","4","2","3","3","2","1","55","2","2","1","2","1","1","1","2","4","1"
"1","4","9","2","8","3074","5","1","1","3","2","3","33","2","2","2","2","2","1","2","2","4","1"
"1","4","36","4","8","3835","5","4","2","3","4","3","45","2","2","1","4","1","2","2","1","2","1.06666666666667"
"2","2","27","5","1","5293","3","5","2","3","4","1","50","3","2","2","2","1","2","2","2","4","1"
"2","3","30","3","1","1908","3","4","4","3","4","3","66","2","2","1","1","1","2","2","2","4","1"
"1","4","36","2","8","3342","5","4","4","3","2","2","51","2","2","1","2","1","2","2","2","4","1"
"1","1","6","2","10","932","5","2","1","3","3","1","39","2","2","2","4","1","1","2","1","2","1.06666666666667"
"1","2","18","5","1","3104","3","2","3","3","1","1","31","1","2","1","2","1","2","2","2","4","1"
"1","3","36","4","8","3913","3","1","2","3","2","3","23","2","2","1","2","1","2","2","2","4","1"
"1","2","24","4","6","3021","3","1","2","3","2","3","24","2","3","1","4","1","1","2","2","1","1"
"1","4","10","4","2","1364","3","1","2","3","4","2","64","2","2","1","2","1","2","2","1","2","1"
"1","1","12","4","8","625","3","3","4","2","1","3","26","1","2","1","4","1","1","2","2","3","1"
"1","2","12","4","5","1200","5","1","4","3","4","1","23","1","3","1","2","1","2","2","1","2","1"
"1","4","12","4","8","707","3","1","4","3","2","3","30","1","2","2","2","1","1","2","2","4","1"
"1","4","24","3","1","2978","5","1","4","3","4","3","32","2","2","2","2","2","2","2","2","4","1"
"1","4","15","4","3","4657","3","1","3","3","2","2","30","2","2","1","2","1","2","2","2","4","1"
"1","4","36","5","9","2613","3","1","4","3","2","2","27","2","2","2","2","1","1","2","2","4","1"
"2","1","48","4","8","10961","4","2","1","1","2","4","27","1","2","2","2","1","2","2","2","4","1"
"2","2","12","4","6","7865","3","4","4","3","4","4","53","2","1","1","1","1","2","2","2","4","1"
"2","4","9","4","8","1478","3","2","4","3","2","2","22","2","2","1","2","1","1","2","2","4","1"
"1","2","24","4","6","3149","3","3","4","3","1","4","22","1","1","1","2","1","1","2","2","4","1"
"2","3","36","4","8","4210","3","1","4","3","2","2","26","2","2","1","2","1","1","2","2","4","1"
"1","4","9","4","2","2507","2","4","2","3","4","4","51","2","1","1","4","1","1","2","2","4","1"
"1","4","12","4","8","2141","1","2","3","3","1","4","35","2","2","1","2","1","1","2","2","4","1"
"1","1","18","4","8","866","3","1","4","2","2","3","25","2","2","1","4","1","1","2","2","3","1"
"1","4","4","2","8","1544","3","2","2","3","1","3","42","2","2","3","4","2","1","2","2","4","1"
"2","2","24","4","8","1823","3","5","4","3","2","2","30","3","2","1","1","2","1","2","2","4","1"
"2","1","6","4","2","14555","5","5","1","3","2","1","23","2","2","1","3","1","2","2","2","4","1"
"2","1","21","4","1","2767","1","4","4","3","2","2","61","1","3","2","4","1","1","2","2","1","1"
"1","4","12","2","8","1291","3","1","4","3","2","1","35","2","2","2","2","1","1","2","1","2","1"
"1","2","30","4","8","2522","3","4","1","2","3","1","39","2","2","1","2","2","1","2","2","4","1"
"2","2","24","4","2","915","5","4","4","3","2","2","29","1","2","1","2","1","1","2","1","2","1"
"1","4","6","4","8","1595","3","2","3","3","2","1","51","2","2","1","2","2","1","2","2","4","1"
"2","2","48","5","3","4605","3","4","3","3","4","4","24","2","1","2","2","2","1","2","2","4","1"
"1","4","12","2","1","1185","3","1","3","3","2","3","27","2","2","2","2","1","1","2","1","2","1"
"1","4","12","1","10","3447","2","1","4","3","3","3","35","2","2","1","4","2","1","2","1","2","1.06666666666667"
"1","4","24","4","1","1258","3","2","4","3","1","3","25","2","2","1","2","1","2","2","2","4","1"
"1","4","12","2","8","717","3","4","4","3","4","3","52","2","2","3","2","1","1","2","2","4","1"
"1","4","6","5","2","1204","1","1","4","3","1","4","35","1","3","1","2","1","1","1","2","4","1"
"1","3","24","4","6","1925","3","1","2","3","2","3","26","2","2","1","2","1","1","2","2","4","1"
"2","4","18","4","8","433","3","5","3","1","4","3","22","2","3","1","2","1","1","2","1","2","1"
"1","2","6","2","2","666","4","2","3","3","4","3","39","2","2","2","4","1","2","2","1","2","1.06666666666667"
"1","3","12","4","6","2251","3","1","1","3","2","2","46","2","2","1","4","1","1","2","1","2","1.06666666666667"
"2","1","30","4","2","2150","3","1","4","2","2","4","24","1","2","1","2","1","1","2","1","2","1"
"1","4","24","3","6","4151","1","1","2","3","3","1","35","2","2","2","2","1","1","2","2","4","1"
"1","1","9","4","6","2030","5","2","2","3","1","2","24","2","2","1","2","1","2","2","2","4","1"
"1","1","60","3","8","7418","5","1","1","3","1","3","27","2","2","1","4","1","1","2","2","4","1"
"1","4","24","2","8","2684","3","1","4","3","2","3","35","2","2","2","4","1","1","2","2","4","1"
"2","2","12","1","8","2149","3","1","4","3","1","4","29","2","1","1","2","1","1","2","2","1","1"
"1","4","15","4","3","3812","1","3","1","3","4","2","23","2","2","1","2","1","2","2","1","2","1"
"1","4","11","2","8","1154","1","5","4","3","4","3","57","2","2","3","4","1","1","2","1","2","1.06666666666667"
"1","2","12","4","6","1657","3","1","2","3","2","3","27","2","2","1","2","1","1","2","2","4","1"
"1","2","24","4","8","1603","3","4","4","3","4","2","55","2","2","1","2","1","1","2","1","2","1"
"1","2","18","2","2","5302","3","4","2","3","4","4","36","2","1","3","1","1","2","2","2","4","1"
"1","4","12","2","5","2748","3","4","2","3","4","4","57","1","1","3","4","1","1","2","1","2","1.06666666666667"
"1","4","10","2","2","1231","3","4","3","3","4","3","32","2","2","2","4","2","1","1","2","4","1"
"2","1","15","4","8","802","3","4","4","3","3","2","37","2","2","1","2","2","1","2","2","4","1"
"1","4","36","2","1","6304","5","4","4","3","4","3","36","2","2","2","2","1","1","2","2","4","1"
"1","4","24","4","8","1533","3","3","4","3","3","2","38","3","2","1","2","1","2","2","1","2","1"
"2","2","14","4","2","8978","3","4","1","3","4","1","45","2","2","1","1","1","2","1","2","1","1"
"1","4","24","4","8","999","5","4","4","3","2","2","25","2","2","2","2","1","1","2","2","4","1"
"1","4","18","4","2","2662","5","2","4","3","3","1","32","2","2","1","2","1","1","1","2","4","1"
"1","4","12","2","6","1402","2","2","3","3","4","2","37","2","3","1","2","1","2","2","1","2","1"
"1","1","48","1","2","12169","5","5","4","1","4","4","36","2","1","1","1","1","2","2","2","4","1"
"2","1","48","4","8","3060","3","2","4","3","4","3","28","2","2","2","2","1","1","2","2","4","1"
"2","2","30","4","9","11998","3","3","1","3","1","4","34","2","2","1","4","1","2","2","2","1","1"
"1","4","9","4","8","2697","3","1","1","3","2","3","32","2","2","1","2","2","1","2","2","4","1"
"1","4","18","2","8","2404","3","1","2","3","2","2","26","2","2","2","2","1","1","2","1","2","1"
"1","2","12","4","6","1262","5","4","2","3","4","1","49","2","2","1","4","1","2","2","2","1","1"
"2","4","6","4","6","4611","3","3","1","3","4","1","32","2","2","1","2","1","1","2","1","2","1"
"1","4","24","4","8","1901","1","1","4","3","4","2","29","2","3","1","1","1","2","2","2","4","1"
"1","4","15","2","3","3368","4","4","3","3","4","4","23","2","3","2","2","1","2","2","2","4","1"
"1","4","12","4","6","1574","3","1","4","3","2","3","50","2","2","1","2","1","1","2","2","4","1"
"1","3","18","1","8","1445","5","2","4","3","4","2","49","1","2","1","4","1","1","2","2","4","1"
"1","4","15","2","6","1520","5","4","4","3","4","1","63","2","2","1","2","1","1","2","2","4","1"
"1","1","24","2","2","3878","1","3","4","3","2","2","37","2","2","1","2","1","2","2","2","1","1"
"1","2","47","4","2","10722","3","3","1","3","1","3","35","2","2","1","4","1","2","2","1","2","1.06666666666667"
"1","2","48","4","3","4788","3","2","4","3","3","1","26","2","2","1","2","2","1","2","2","4","1"
"1","1","48","3","7","7582","1","5","2","3","4","4","31","2","1","1","1","1","2","2","2","4","1"
"1","1","12","4","8","1092","3","1","4","2","4","3","49","2","2","2","2","1","2","2","1","2","1"
"2","2","24","3","8","1024","3","3","4","3","4","3","48","3","2","1","2","1","1","2","2","3","1"
"1","4","12","4","1","1076","3","1","2","3","2","3","26","2","2","1","2","1","2","1","2","3","0.933333333333333"
"2","1","36","4","3","9398","3","3","1","3","4","2","28","2","3","1","1","1","2","2","2","3","1"
"1","2","24","2","3","6419","3","4","2","3","4","4","44","2","1","2","1","2","2","2","1","2","1"
"1","3","42","2","3","4796","3","4","4","3","4","4","56","2","1","1","2","1","1","2","2","4","1"
"1","4","48","2","1","7629","5","4","4","3","2","2","46","1","2","2","1","2","1","2","2","1","1"
"2","1","48","4","6","9960","3","3","1","3","2","2","26","2","2","1","2","1","2","2","1","2","1"
"1","4","12","4","3","4675","5","3","1","3","4","2","20","2","3","1","2","1","1","2","1","2","1"
"1","4","10","4","2","1287","5","4","4","1","2","1","45","2","2","1","4","1","1","1","2","4","1"
"1","4","18","4","6","2515","3","1","3","3","4","3","43","2","2","1","2","1","2","2","2","4","1"
"1","1","21","2","6","2745","4","2","3","3","2","2","32","2","2","2","2","1","2","2","2","4","1"
"1","4","6","4","2","672","3","5","1","3","4","3","54","2","2","1","3","1","2","2","1","2","1"
"2","1","36","5","8","3804","3","1","4","3","1","2","42","2","2","1","2","1","2","2","1","2","1"
"2","3","24","2","2","1344","5","2","4","3","2","3","37","1","2","2","4","2","1","2","2","4","1"
"1","2","10","2","2","1038","3","2","4","1","3","1","49","2","2","2","2","1","2","2","2","4","1"
"2","4","48","2","2","10127","2","1","2","3","2","4","44","1","1","1","2","1","1","2","2","4","1"
"1","4","6","4","6","1543","4","1","4","3","2","3","33","2","2","1","2","1","1","2","2","1","1"
"1","4","30","4","3","4811","5","2","2","3","4","1","24","3","3","1","4","1","1","2","1","2","1.06666666666667"
"2","2","12","4","8","727","1","3","4","3","3","4","33","2","2","1","4","1","2","2","2","3","1"
"2","1","8","4","6","1237","3","1","3","3","4","3","24","2","2","1","2","1","1","2","1","2","1"
"1","1","9","4","2","276","3","1","4","3","4","3","22","2","3","1","4","1","1","2","2","3","1"
"1","1","48","4","7","5381","5","5","3","3","4","4","40","1","1","1","3","1","2","2","2","4","1"
"1","4","24","4","6","5511","1","1","4","3","1","2","25","3","2","1","2","1","1","2","2","4","1"
"1","3","24","4","6","3749","3","3","2","3","4","2","26","2","2","1","2","1","1","2","1","2","1"
"2","1","12","4","2","685","3","2","2","3","3","2","25","1","2","1","4","1","1","2","2","3","1"
"1","3","4","4","2","1494","5","3","1","3","2","3","29","2","2","1","4","2","1","1","2","4","1"
"2","2","36","1","6","2746","3","4","4","3","4","2","31","1","2","1","2","1","1","2","2","4","1"
"1","2","12","4","6","708","3","1","2","2","3","1","38","2","2","1","4","2","1","2","2","4","1"
"1","1","24","4","6","4351","5","1","1","3","4","1","48","2","2","1","4","1","2","2","1","2","1.06666666666667"
"1","4","12","2","5","701","3","1","4","3","2","2","32","2","2","2","2","1","1","2","2","4","1"
"1","2","15","3","6","3643","3","4","1","3","4","1","27","2","2","2","4","1","1","2","1","2","1.06666666666667"
"2","1","30","2","2","4249","3","5","4","3","2","2","28","2","2","2","1","1","1","2","2","3","1"
"2","2","24","4","8","1938","3","3","4","3","3","1","32","2","2","1","2","1","1","2","2","1","1"
"1","2","24","4","3","2910","3","2","2","3","1","4","34","2","1","1","1","1","2","2","2","4","1"
"1","2","18","4","6","2659","4","1","4","3","2","2","28","2","2","1","2","1","1","2","2","4","1"
"1","4","18","2","2","1028","3","1","4","3","3","3","36","2","2","2","2","1","1","2","1","2","1"
"1","2","8","2","2","3398","3","2","1","3","4","3","39","2","2","2","4","1","1","1","2","4","1"
"1","4","12","2","6","5801","5","4","2","3","4","1","49","2","3","1","2","1","2","2","2","4","1"
"1","4","24","4","2","1525","4","2","4","3","3","2","34","2","2","1","2","2","2","2","1","2","1"
"1","3","36","4","8","4473","3","4","4","3","2","2","31","2","2","1","2","1","1","2","2","4","1"
"1","1","6","4","8","1068","3","4","4","3","4","2","28","2","2","1","2","2","1","2","2","4","1"
"1","2","24","2","3","6615","3","5","2","3","4","4","75","2","1","2","1","1","2","2","2","4","1"
"2","4","18","2","5","1864","1","1","4","3","2","3","30","2","2","2","2","1","1","2","1","2","1"
"2","1","60","4","2","7408","1","3","4","3","2","1","24","2","2","1","1","1","1","2","1","2","1"
"2","4","48","2","3","11590","1","1","2","3","4","2","24","1","3","2","4","1","1","2","1","2","0.872727272727273"
"2","2","24","5","6","4110","3","4","3","3","4","4","23","1","3","2","2","2","1","2","2","4","1"
"2","2","6","2","6","3384","3","1","1","3","4","3","44","2","3","1","1","1","2","2","2","1","1"
"1","1","13","4","8","2101","3","3","2","2","4","1","23","2","2","1","4","1","1","2","1","2","1.06666666666667"
"2","2","15","4","4","1275","5","1","4","3","2","2","24","2","3","1","2","1","1","2","1","2","1"
"1","2","24","4","6","4169","3","1","4","3","4","1","28","2","2","1","2","1","1","2","2","4","1"
"1","1","10","4","6","1521","3","1","4","3","2","2","31","2","2","1","4","1","1","2","2","1","1"
"1","1","24","2","5","5743","3","3","2","3","4","4","24","2","1","2","2","1","2","2","1","2","1"
"1","2","21","4","6","3599","3","2","1","3","4","2","26","2","3","1","4","1","1","2","1","2","1.06666666666667"
"1","1","18","4","8","3213","2","3","1","3","3","3","25","2","3","1","2","1","1","2","2","3","1"
"1","1","18","4","1","4439","3","4","1","1","1","3","33","1","2","1","1","1","2","2","2","4","1"
"1","3","10","4","2","3949","3","3","1","2","1","1","37","2","2","1","4","2","1","2","2","4","1"
"1","4","15","2","8","1459","3","1","4","3","2","2","43","2","2","1","4","1","1","2","1","2","1.06666666666667"
"1","1","13","2","8","882","3","3","4","2","4","3","23","2","2","2","2","1","1","2","2","4","1"
"1","1","24","4","8","3758","2","5","1","3","4","4","23","2","3","1","3","1","1","2","1","2","1"
"1","4","6","3","1","1743","1","1","1","3","2","3","34","2","2","2","4","1","1","2","2","4","1"
"2","1","9","2","5","1136","4","4","4","3","3","4","32","2","1","2","2","2","1","2","2","4","1"
"1","4","9","4","4","1236","3","3","1","3","4","3","23","2","3","1","2","1","2","2","1","2","1"
"2","1","9","4","6","959","3","1","1","3","2","2","29","2","2","1","2","1","1","1","1","2","1"
"1","4","18","2","3","3229","5","5","2","3","4","4","38","2","2","1","1","1","2","2","2","4","1"
"2","2","12","5","8","6199","3","1","4","3","2","1","28","2","3","2","2","1","2","2","2","4","1"
"1","4","10","4","5","727","2","4","4","3","4","4","46","2","1","1","2","1","2","2","2","4","1"
"2","1","24","4","2","1246","3","3","4","3","2","3","23","3","2","1","4","1","1","2","2","4","1"
"1","4","12","2","8","2331","5","4","1","1","4","3","49","2","2","1","2","1","2","2","2","4","1"
"2","4","36","3","8","4463","3","1","4","3","2","2","26","2","2","2","1","1","2","2","2","4","1"
"1","4","12","4","8","776","3","1","4","3","2","3","28","2","2","1","2","1","1","2","2","3","1"
"2","2","30","4","6","2406","3","2","4","3","4","3","23","2","3","1","2","1","1","2","1","2","1"
"1","1","18","4","5","1239","5","1","4","3","4","4","61","2","1","1","2","1","1","2","2","4","1"
"1","3","12","4","8","3399","5","4","2","3","3","2","37","2","2","1","1","1","1","2","2","4","1"
"1","3","12","3","2","2247","3","1","2","3","2","2","36","3","2","2","2","1","2","2","1","2","1"
"1","4","6","4","6","1766","3","1","1","3","2","1","21","2","3","1","2","1","1","2","2","3","1"
"2","2","18","4","6","2473","3","5","4","3","1","2","25","2","2","1","3","1","1","2","2","4","1"
"1","4","12","4","1","1542","3","2","2","3","4","2","36","2","2","1","2","1","2","2","2","4","1"
"1","4","18","2","3","3850","3","2","3","3","1","2","27","2","2","2","2","1","1","2","2","4","1"
"1","2","18","4","6","3650","3","3","1","3","4","2","22","2","3","1","2","1","1","2","1","2","1"
"2","2","36","4","6","3446","3","4","4","3","2","2","42","2","2","1","2","2","1","2","2","4","1"
"1","1","18","4","6","3001","3","2","2","3","4","3","40","2","3","1","2","1","1","2","1","2","1"
"1","4","36","4","2","3079","5","1","4","3","4","3","36","2","2","1","2","1","1","2","2","4","1"
"1","4","18","2","8","6070","3","4","3","3","4","2","33","2","2","2","2","1","2","2","2","4","1"
"1","4","10","2","6","2146","3","3","1","3","3","3","23","2","3","2","2","1","1","2","1","2","1"
"1","4","60","2","2","13756","5","4","2","3","4","4","63","1","1","1","1","1","2","2","2","4","1"
"2","1","60","1","7","14782","1","4","3","3","4","4","60","1","1","2","1","1","2","2","1","2","1"
"2","2","48","1","1","7685","3","2","2","2","4","2","37","2","3","1","2","1","1","2","1","2","1"
"1","4","18","3","8","2320","3","5","2","3","3","3","34","2","2","2","2","1","1","2","2","3","1"
"1","4","7","3","8","846","5","4","3","3","4","4","36","2","1","1","2","1","1","2","2","4","1"
"2","1","36","4","2","14318","3","4","4","3","2","4","57","2","1","1","1","1","2","2","2","4","1"
"1","4","6","2","2","362","1","1","4","3","4","2","52","2","2","2","4","1","1","2","1","2","1.06666666666667"
"1","2","20","4","6","2212","5","2","4","3","4","2","39","2","2","1","2","1","2","2","2","4","1"
"2","1","18","4","3","12976","3","5","3","3","4","4","38","2","1","1","1","1","2","2","1","2","1"
"1","4","22","4","2","1283","5","2","4","3","4","1","25","2","3","1","2","1","1","2","1","2","1"
"1","3","12","4","2","1330","3","3","4","3","1","3","26","2","2","1","2","1","1","2","2","4","1"
"1","4","30","3","1","4272","1","1","2","3","2","1","26","2","2","2","4","1","1","2","2","4","1"
"1","4","18","2","8","2238","3","1","2","3","1","2","25","2","2","2","2","1","1","2","1","2","1"
"1","4","18","4","8","1126","5","3","4","3","2","3","21","2","3","1","2","1","2","2","1","2","1"
"1","1","18","2","6","7374","3","5","4","3","4","1","40","3","2","2","1","1","2","2","2","4","1"
"1","1","15","2","1","2326","2","1","2","3","4","2","27","1","2","1","2","1","1","2","2","4","1"
"1","4","9","4","1","1449","3","2","3","3","2","2","27","2","2","2","2","1","1","2","1","2","1"
"1","4","18","4","2","1820","3","1","2","3","2","1","30","2","2","1","1","1","2","2","2","3","1"
"1","1","12","4","6","983","4","3","1","3","4","3","19","2","3","1","4","1","1","2","1","2","1.06666666666667"
"1","2","36","4","2","3249","3","2","2","3","4","4","39","1","1","1","1","2","2","2","2","4","1"
"1","2","6","2","8","1957","3","2","1","3","4","2","31","2","2","1","2","1","1","2","1","2","1"
"1","4","9","2","6","2406","3","5","2","3","3","2","31","2","2","1","1","1","1","2","2","4","1"
"1","1","39","3","5","11760","1","2","2","3","3","4","32","2","3","1","2","1","2","2","2","4","1"
"1","2","12","4","6","2578","3","5","3","3","4","4","55","2","1","1","1","1","1","2","1","2","1"
"1","2","36","2","6","2348","3","1","3","3","2","1","46","2","2","2","2","1","2","2","2","3","1"
"2","1","12","4","2","1223","3","4","1","3","1","3","46","2","3","2","2","1","1","2","2","1","1"
"1","4","24","2","8","1516","4","1","4","3","1","3","43","2","2","2","4","1","1","2","1","2","1.06666666666667"
"1","4","18","4","8","1473","3","3","3","3","4","3","39","2","2","1","2","1","2","2","2","3","1"
"1","1","18","2","1","1887","5","1","4","3","4","3","28","1","2","2","2","1","1","2","2","3","1"
"2","4","24","3","1","8648","3","3","2","3","2","2","27","1","2","2","2","1","2","2","2","4","1"
"1","4","14","3","2","802","3","1","4","3","2","2","27","2","2","2","4","1","1","2","2","4","1"
"1","1","18","3","2","2899","5","4","4","3","4","2","43","2","2","1","2","2","1","2","2","4","1"
"2","1","24","4","8","2039","3","3","1","3","1","1","22","2","2","1","2","1","2","2","2","3","1"
"1","4","24","2","3","2197","5","2","4","3","4","2","43","2","2","2","2","2","2","2","2","4","1"
"1","2","15","4","8","1053","3","3","4","3","2","3","27","2","2","1","2","1","1","1","2","3","0.933333333333333"
"1","4","24","4","8","3235","2","4","3","3","2","2","26","2","2","1","1","1","2","2","2","1","1"
"2","3","12","2","2","939","2","2","4","3","2","3","28","2","2","3","2","1","2","2","2","3","1"
"1","1","24","4","8","1967","3","4","4","3","4","2","20","2","2","1","2","1","2","2","1","2","1"
"1","4","33","2","3","7253","3","2","3","3","2","2","35","2","2","2","1","1","2","2","2","4","1"
"2","4","12","2","1","2292","3","5","4","3","2","2","42","3","2","2","1","1","2","2","2","4","1"
"1","4","10","4","2","1597","2","1","3","3","2","4","40","2","3","1","4","2","1","1","2","4","1"
"2","2","24","4","2","1381","5","1","4","3","2","1","35","2","2","1","2","1","1","2","1","2","1"
"1","4","36","2","3","5842","3","4","2","3","2","1","35","2","2","2","2","2","2","2","2","4","1"
"2","2","12","4","2","2579","3","3","4","3","1","3","33","2","2","1","4","2","1","2","2","4","1"
"1","2","18","3","5","8471","5","1","1","3","2","2","23","2","3","2","2","1","2","2","1","2","1"
"1","4","21","4","2","2782","2","2","1","3","2","2","31","1","2","1","1","1","1","2","1","2","1"
"2","1","18","4","2","1042","5","1","4","3","2","1","33","2","2","1","2","1","1","2","1","2","1"
"1","4","15","4","2","3186","4","2","2","3","3","2","20","2","3","1","2","1","1","2","1","2","1"
"1","1","12","4","3","2028","5","1","4","3","2","2","30","2","2","1","2","1","1","2","2","4","1"
"1","1","12","2","2","958","3","2","2","3","3","3","47","2","2","2","4","2","1","2","2","4","1"
"1","4","21","3","6","1591","1","2","4","3","3","3","34","2","2","2","1","1","1","2","2","4","1"
"2","1","12","4","6","2762","5","4","1","3","2","1","25","1","2","1","2","1","2","2","1","2","1"
"1","1","18","4","3","2779","3","1","1","3","3","2","21","2","3","1","2","1","2","2","2","3","1"
"1","4","28","2","8","2743","3","4","4","3","2","2","29","2","2","2","2","1","1","2","2","4","1"
"1","4","18","2","8","1149","4","1","4","3","3","3","46","2","2","2","2","1","1","2","2","4","1"
"1","4","9","4","6","1313","3","4","1","3","4","2","20","2","2","1","2","1","1","2","2","4","1"
"2","2","18","2","9","1190","3","5","2","3","4","4","55","2","1","3","3","2","1","2","1","2","1"
"1","4","5","4","1","3448","3","2","1","3","4","3","74","2","2","1","4","1","1","2","2","4","1"
"2","1","24","4","7","11328","3","1","2","1","3","2","29","1","2","2","1","1","2","2","2","4","1"
"1","2","6","2","6","1872","3","5","4","3","4","4","36","2","1","3","1","1","2","2","2","4","1"
"1","4","24","2","9","2058","3","1","4","3","2","3","33","2","2","2","2","1","2","2","2","1","1"
"1","2","9","4","6","2136","3","1","3","3","2","3","25","2","2","1","2","1","1","2","2","4","1"
"2","1","12","4","8","1484","5","1","2","3","1","3","25","2","2","1","2","1","2","2","2","3","1"
"1","4","6","4","9","660","2","2","2","3","4","3","23","2","3","1","4","1","1","2","2","3","1"
"1","4","24","2","2","1287","4","4","4","3","4","3","37","2","2","2","2","1","2","2","1","2","1"
"1","2","42","2","9","3394","3","5","4","1","4","2","65","2","2","2","3","1","1","2","2","4","1"
"2","3","12","1","1","609","3","3","4","3","1","3","26","2","2","1","3","1","1","2","1","2","1"
"1","4","12","4","2","1884","3","4","4","3","4","2","39","2","2","1","1","1","2","2","2","4","1"
"1","2","12","4","6","1620","3","1","2","1","3","1","30","2","2","1","2","1","1","2","1","2","1"
"1","1","20","3","7","2629","3","1","2","3","3","2","29","1","2","2","2","1","2","2","2","4","1"
"2","4","12","4","5","719","3","4","4","3","4","2","41","1","2","1","4","2","1","2","2","4","1"
"2","1","48","2","6","5096","3","1","2","3","3","2","30","2","2","1","1","1","2","2","1","2","1"
"1","4","9","2","5","1244","5","4","4","3","4","1","41","2","3","2","4","1","1","2","1","2","1.06666666666667"
"2","2","36","4","2","1842","3","3","4","3","4","2","34","2","2","1","2","1","2","2","1","2","1"
"1","1","7","4","8","2576","3","1","2","2","2","3","35","2","2","1","2","1","1","2","2","4","1"
"1","3","12","4","6","1424","5","4","3","3","4","3","55","2","2","1","1","1","2","2","1","2","1"
"2","1","15","3","9","1512","4","1","3","3","3","1","61","3","2","2","2","1","1","2","2","3","1"
"1","4","36","2","3","11054","5","1","4","3","2","2","30","2","2","1","1","1","2","2","2","4","1"
"1","4","6","4","8","518","3","1","3","3","1","3","29","2","2","1","2","1","1","2","1","2","1"
"1","4","12","5","6","2759","3","4","2","3","4","1","34","2","2","2","2","1","1","2","2","4","1"
"1","4","24","4","3","2670","3","4","4","3","4","2","35","2","2","1","1","1","2","2","2","4","1"
"2","2","24","4","2","4817","3","2","2","1","3","1","31","2","2","1","2","1","2","2","2","4","1"
"1","4","24","4","3","2679","3","3","4","3","1","4","29","2","2","1","1","1","2","2","1","2","1"
"1","2","11","2","2","3905","3","1","2","3","2","3","36","2","3","2","2","2","1","2","2","4","1"
"2","2","12","4","3","3386","3","4","3","3","4","4","35","2","1","1","2","1","2","2","2","4","1"
"1","2","6","4","4","343","3","3","4","3","1","3","27","2","2","1","2","1","1","2","1","2","1"
"1","4","18","4","8","4594","3","3","3","3","2","2","32","2","2","1","2","1","2","2","2","4","1"
"1","2","36","4","6","3620","3","1","1","2","2","1","37","2","2","1","2","2","1","2","2","4","1"
"1","2","15","4","2","1721","3","3","2","3","3","3","36","2","2","1","2","1","1","2","2","4","1"
"1","1","12","4","6","3017","3","3","3","3","1","3","34","2","3","1","1","1","1","2","1","2","1"
"1","1","12","4","10","754","5","4","4","3","4","1","38","2","2","2","2","1","1","2","2","4","1"
"1","4","18","4","1","1950","3","2","4","3","1","2","34","3","2","2","2","1","2","2","2","4","1"
"1","2","24","4","3","2924","3","1","3","2","4","4","63","1","2","1","2","2","2","2","2","4","1"
"2","2","24","3","8","1659","3","3","4","3","2","2","29","2","3","1","4","1","2","2","1","2","0.872727272727273"
"1","4","48","3","8","7238","5","4","3","3","3","2","32","1","2","2","2","2","1","2","2","4","1"
"1","4","33","3","1","2764","3","1","2","3","2","2","26","2","2","2","2","1","2","2","1","2","1"
"1","4","24","3","3","4679","3","2","3","3","3","2","35","2","2","2","4","1","2","2","2","4","1"
"2","1","24","4","8","3092","1","3","3","3","2","2","22","2","3","1","2","1","2","2","2","3","1"
"2","2","6","4","5","448","3","3","4","3","4","1","23","2","2","1","2","1","1","2","1","2","1"
"2","2","9","4","2","654","3","1","4","3","3","2","28","2","2","1","4","1","1","2","2","4","1"
"1","4","6","4","10","1238","5","5","4","3","4","1","36","2","2","1","1","2","2","2","2","4","1"
"2","1","18","2","8","1245","3","1","4","3","2","2","33","2","2","1","2","1","1","2","2","3","1"
"2","2","18","5","6","3114","3","3","1","3","4","1","26","2","3","1","2","1","1","2","1","2","1"
"1","4","39","4","3","2569","2","1","4","3","4","2","24","2","2","1","2","1","1","2","2","4","1"
"1","3","24","4","8","5152","3","2","4","3","2","2","25","1","2","1","2","1","1","2","2","4","1"
"1","1","12","4","1","1037","1","2","3","3","4","3","39","2","2","1","4","1","1","2","2","4","1"
"1","2","15","2","6","1478","3","4","4","3","4","2","44","2","2","2","2","2","2","2","2","4","1"
"1","1","12","2","8","3573","3","1","1","3","1","3","23","2","2","1","4","1","1","2","1","2","1.06666666666667"
"1","1","24","4","2","1201","3","3","4","3","1","1","26","2","2","1","2","1","1","2","2","4","1"
"1","2","30","4","6","3622","4","4","4","3","4","1","57","2","3","2","2","1","2","2","1","2","1"
"1","4","15","3","6","960","4","2","3","3","2","1","30","2","2","2","2","1","1","2","1","2","1"
"1","4","12","2","2","1163","2","1","4","3","4","3","44","2","2","1","2","1","2","2","2","4","1"
"2","1","6","3","2","1209","3","5","4","3","4","1","47","2","2","1","1","1","2","2","2","4","1"
"1","4","12","4","8","3077","3","1","2","3","4","2","52","2","2","1","2","1","2","2","2","4","1"
"1","4","24","4","2","3757","3","4","4","1","4","4","62","2","1","1","2","1","2","2","1","2","1"
"1","4","10","4","2","1418","1","1","3","3","2","3","35","2","3","1","4","1","1","1","2","4","1"
"1","4","6","4","2","3518","3","1","2","2","3","1","26","2","3","1","2","1","1","2","2","4","1"
"1","4","12","2","8","1934","3","4","2","3","2","4","26","2","2","2","2","1","1","2","2","4","1"
"2","1","27","5","1","8318","3","4","2","3","4","4","42","2","1","2","1","1","2","2","1","2","1"
"1","4","6","2","8","1237","1","1","1","3","1","1","27","2","2","2","2","1","1","2","1","2","1"
"1","1","6","4","8","368","5","4","4","3","4","1","38","2","2","1","2","1","1","2","2","4","1"
"1","2","12","2","2","2122","3","1","3","3","2","3","39","2","3","2","4","2","1","1","2","4","1"
"2","2","24","4","6","2996","5","1","2","3","4","2","20","2","2","1","2","1","1","2","2","3","1"
"2","1","36","4","6","9034","1","3","4","1","1","4","29","2","3","1","1","1","2","2","2","4","1"
"1","4","24","2","6","1585","3","2","4","3","3","1","40","2","2","2","2","1","1","2","2","4","1"
"1","1","18","4","8","1301","3","4","4","2","2","3","32","2","2","1","4","1","1","2","2","3","1"
"1","3","6","2","2","1323","1","4","2","3","4","2","28","2","2","2","2","2","2","2","2","1","1"
"2","2","24","4","2","3123","3","3","4","3","1","1","27","2","2","1","2","1","1","2","1","2","1"
"1","2","36","4","3","5493","3","4","2","3","4","4","42","2","1","1","2","2","1","2","2","4","1"
"1","3","9","4","8","1126","1","4","2","3","4","3","49","2","2","1","2","1","1","2","2","1","1"
"2","1","24","2","8","1216","1","3","4","3","4","4","38","1","2","2","2","2","1","2","2","4","1"
"2","2","24","4","2","1207","3","3","4","3","4","1","24","2","3","1","2","1","1","2","1","2","1"
"2","4","10","4","2","1309","5","1","4","2","4","1","27","2","2","1","4","1","1","2","2","4","1"
"1","3","15","2","3","2360","2","1","2","3","2","2","36","2","2","1","2","1","2","2","2","4","1"
"2","1","15","1","2","6850","1","5","1","3","2","1","34","2","2","1","1","2","2","2","2","4","1"
"1","4","24","4","8","1413","3","1","4","3","2","1","28","2","2","1","2","1","1","2","2","3","1"
"1","4","39","4","3","8588","1","4","4","3","2","2","45","2","2","1","1","1","2","2","2","4","1"
"2","2","12","4","2","759","3","2","4","3","2","3","26","2","2","1","2","1","1","2","2","4","1"
"1","4","36","4","3","4686","3","1","2","3","2","4","32","2","1","1","1","1","2","2","2","4","1"
"1","3","15","4","1","2687","3","2","2","3","4","1","26","2","3","1","2","1","2","2","2","4","1"
"1","1","12","3","8","585","3","1","4","1","4","3","20","2","3","2","2","1","1","2","2","3","1"
"1","4","24","4","2","2255","5","3","4","3","1","1","54","2","2","1","2","1","1","2","2","4","1"
"1","2","6","2","2","609","3","2","4","3","3","1","37","2","2","2","2","1","1","1","1","2","1"
"1","2","6","2","2","1361","3","3","2","3","4","3","40","2","2","1","4","2","1","1","2","4","1"
"2","4","36","2","6","7127","3","3","2","3","4","1","23","2","3","2","2","1","2","2","1","2","1"
"1","2","6","4","2","1203","1","4","3","3","2","1","43","2","2","1","2","1","2","2","2","4","1"
"1","4","6","2","8","700","5","4","4","3","4","4","36","2","1","2","2","1","1","2","2","4","1"
"1","4","24","2","9","5507","3","4","3","3","4","4","44","2","1","2","2","1","1","2","2","4","1"
"2","2","18","4","8","3190","3","1","2","3","2","3","24","2","2","1","2","1","1","2","1","2","1"
"2","2","48","5","6","7119","3","1","3","3","4","4","53","2","1","2","2","2","1","2","2","4","1"
"1","4","24","4","3","3488","1","2","3","3","4","2","23","2","2","1","2","1","1","2","1","2","1"
"1","1","18","4","8","1113","3","1","4","2","4","3","26","2","2","1","4","2","1","2","1","2","1.06666666666667"
"1","1","26","4","3","7966","3","3","2","3","3","2","30","2","2","2","2","1","1","2","2","4","1"
"1","4","15","2","5","1532","1","1","4","3","3","2","31","2","2","1","2","1","1","2","1","2","1"
"1","4","4","2","8","1503","3","2","2","3","1","3","42","2","2","2","4","2","1","2","2","4","1"
"2","2","36","4","8","2302","3","1","4","3","4","2","31","2","3","1","2","1","1","2","2","1","1"
"1","2","6","4","2","662","3","3","3","3","4","3","41","2","2","1","4","2","2","2","2","4","1"
"1","1","36","4","5","2273","3","2","3","3","1","2","32","2","2","2","2","2","1","2","2","4","1"
"2","1","15","4","2","2631","1","1","2","3","4","2","28","2","3","2","2","1","2","2","1","2","1"
"1","4","12","3","3","1503","3","1","4","3","4","3","41","2","3","1","2","1","1","2","2","3","1"
"1","4","24","4","8","1311","1","2","4","3","3","1","26","2","2","1","2","1","2","2","2","3","1"
"1","4","24","4","8","3105","5","3","4","3","2","2","25","2","2","2","2","1","1","2","2","4","1"
"2","3","21","2","5","2319","3","3","2","3","1","2","33","2","3","1","2","1","1","2","2","1","1"
"1","2","6","4","2","1374","5","5","4","3","3","1","75","2","2","1","1","1","2","2","1","2","1"
"1","1","18","2","6","3612","3","4","3","3","4","1","37","2","2","1","2","1","2","2","1","2","1"
"2","2","48","4","2","7763","3","4","4","3","4","4","42","1","1","1","1","1","1","2","2","4","1"
"1","3","18","4","6","3049","3","3","1","3","1","1","45","3","2","1","4","1","1","2","1","2","1.06666666666667"
"2","1","12","4","8","1534","3","3","1","3","1","3","23","2","3","1","2","1","1","2","2","3","1"
"1","4","24","3","2","2032","3","4","4","3","4","4","60","2","1","2","2","1","2","2","2","4","1"
"2","2","30","4","6","6350","5","4","4","3","4","1","31","2","2","1","2","1","1","2","2","4","1"
"2","3","18","4","6","2864","3","1","2","3","1","3","34","2","2","1","4","2","1","2","2","4","1"
"1","4","12","2","2","1255","3","4","4","3","4","3","61","2","2","2","4","1","1","2","2","4","1"
"2","2","24","3","2","1333","3","5","4","3","2","3","43","2","1","2","2","2","1","2","2","4","1"
"1","4","24","2","2","2022","3","1","4","3","4","2","37","2","2","1","2","1","2","2","1","2","1"
"1","4","24","4","8","1552","3","2","3","3","1","2","32","1","2","1","2","2","1","2","2","4","1"
"2","2","12","1","8","626","3","1","4","3","4","3","24","1","2","1","4","1","1","2","1","2","0.872727272727273"
"1","4","48","2","3","8858","5","2","2","3","1","4","35","2","1","2","2","1","2","2","2","4","1"
"1","4","12","2","9","996","5","2","4","3","4","3","23","2","2","2","2","1","1","2","1","2","1"
"1","4","6","1","8","1750","2","4","2","3","4","1","45","1","2","1","4","2","1","2","2","4","1"
"2","2","48","4","8","6999","3","2","1","2","1","3","34","2","2","2","2","1","2","2","2","3","1"
"1","1","12","2","2","1995","1","3","4","3","1","2","27","2","2","1","2","1","1","2","2","4","1"
"1","1","9","4","5","1199","3","2","4","3","4","1","67","2","2","2","1","1","2","2","1","2","1"
"2","1","12","4","8","1331","3","3","2","3","1","2","22","3","2","1","2","1","1","2","2","4","1"
"2","1","18","5","2","2278","1","3","3","3","3","2","28","2","2","2","2","1","1","2","1","2","1"
"2","4","21","5","2","5003","5","1","1","3","4","1","29","1","2","2","2","1","2","2","1","2","1"
"2","2","24","1","6","3552","3","2","3","3","4","2","27","1","2","1","2","1","1","2","2","4","1"
"2","1","18","2","6","1928","3","3","2","3","2","3","31","2","2","2","4","1","1","2","2","4","1"
"1","2","24","4","3","2964","5","4","4","3","4","4","49","1","1","1","2","2","2","2","2","4","1"
"2","2","24","1","8","1546","3","2","4","2","4","2","24","1","3","1","4","1","1","2","2","4","1"
"1","3","6","3","8","683","3","3","2","3","1","1","29","1","2","1","2","1","1","2","1","2","1"
"2","1","36","4","2","12389","5","1","1","3","4","4","37","2","1","1","2","1","2","2","2","4","1"
"1","1","24","3","1","4712","5","1","4","3","2","1","37","1","2","2","1","1","2","2","2","4","1"
"1","1","24","3","8","1553","1","2","3","3","2","1","23","2","3","2","2","1","2","2","1","2","1"
"2","2","12","4","2","1372","3","2","2","3","3","2","36","2","2","1","2","1","1","2","2","1","1"
"1","4","24","2","8","2578","4","4","2","3","2","2","34","2","2","1","2","1","1","2","2","4","1"
"1","1","48","4","8","3979","5","2","4","3","1","2","41","2","2","2","2","2","2","2","2","4","1"
"2","2","48","4","8","6758","3","1","3","3","2","2","31","2","2","1","2","1","2","2","1","2","1"
"2","2","24","4","6","3234","3","3","4","3","4","3","23","2","3","1","4","1","2","2","1","2","0.872727272727273"
"1","4","30","2","8","5954","3","2","3","1","2","2","38","2","2","1","2","1","1","2","2","4","1"
"1","4","24","4","3","5433","5","5","2","3","4","1","26","2","3","1","1","1","2","2","1","2","1"
"1","2","15","4","1","806","3","1","4","3","4","1","22","2","2","1","4","1","1","2","1","2","1.06666666666667"
"1","1","9","4","8","1082","3","4","4","3","4","2","27","2","2","2","4","1","1","2","2","4","1"
"1","4","15","2","6","2788","3","2","2","1","3","2","24","1","2","2","2","1","1","2","1","2","1"
"1","1","12","4","8","2930","3","2","2","3","1","3","27","2","2","1","2","1","1","2","1","2","1"
"1","4","24","2","5","1927","5","1","3","3","2","2","33","2","2","2","2","1","2","2","1","2","1"
"2","1","36","2","2","2820","3","3","4","3","4","2","27","2","2","2","2","1","1","2","2","1","1"
"1","4","24","4","10","937","3","3","4","3","3","2","27","2","2","2","4","1","1","2","2","3","1"
"2","1","18","2","2","1056","3","4","3","2","3","3","30","1","2","2","2","1","1","2","2","4","1"
"1","1","12","2","2","3124","3","3","1","3","3","3","49","1","2","2","4","2","1","2","2","4","1"
"1","4","9","4","6","1388","3","1","4","3","2","3","26","2","3","1","2","1","1","2","1","2","1"
"2","1","36","4","9","2384","3","3","4","3","1","4","33","2","3","1","4","1","1","2","2","4","1"
"1","4","12","4","2","2133","5","4","4","3","4","4","52","2","1","1","1","1","2","2","1","2","1"
"2","2","18","4","6","2039","3","1","1","3","4","3","20","1","3","1","2","1","1","2","1","2","1"
"1","2","9","2","2","2799","3","1","2","3","2","3","36","2","3","2","2","2","1","2","2","4","1"
"1","2","12","4","6","1289","3","1","4","2","1","1","21","2","2","1","4","1","1","2","2","4","1"
"2","2","18","4","4","1217","3","1","4","3","3","3","47","2","2","1","4","1","2","2","2","3","1"
"2","2","12","2","6","2246","3","4","3","3","3","1","60","2","2","2","2","1","1","2","2","4","1"
"1","2","12","2","8","385","3","2","4","3","3","3","58","2","2","4","4","1","2","2","1","2","1.06666666666667"
"1","1","24","3","2","1965","5","1","4","3","4","2","42","2","3","2","2","1","2","2","1","2","1"
"1","4","21","4","1","1572","4","4","4","3","4","3","36","1","2","1","4","1","1","2","1","2","1.06666666666667"
"2","1","24","4","2","2718","3","1","3","3","4","1","20","2","3","1","4","1","2","2","1","2","0.872727272727273"
"2","2","24","1","7","1358","5","4","4","3","3","2","40","3","2","1","1","1","2","2","2","4","1"
"2","1","6","1","2","931","1","3","1","3","1","1","32","3","2","1","4","1","1","2","1","2","0.872727272727273"
"2","2","24","4","2","1442","3","2","4","3","4","2","23","2","3","2","2","1","1","2","1","2","1"
"2","1","24","5","1","4241","3","1","1","3","4","3","36","2","2","3","4","1","2","2","2","4","1"
"2","4","18","2","2","2775","3","2","2","3","2","1","31","1","2","2","2","1","1","2","2","4","1"
"1","4","24","3","1","3863","3","1","1","3","2","4","32","2","1","1","2","1","1","2","2","4","1"
"1","1","7","4","8","2329","3","3","1","2","1","3","45","2","2","1","2","1","1","2","1","2","1"
"2","1","9","4","6","918","3","1","4","3","1","1","30","2","2","1","2","1","1","2","1","2","1"
"2","1","24","1","5","1837","3","2","4","3","4","4","34","1","1","1","4","1","1","2","1","2","0.872727272727273"
"2","4","36","4","6","3349","3","1","4","3","2","2","28","2","2","1","1","1","2","2","1","2","1"
"1","3","10","4","6","1275","3","3","4","3","2","1","23","2","2","1","2","1","1","2","1","2","1"
"1","2","24","1","6","2828","2","1","4","3","4","3","22","3","2","1","2","1","2","2","2","4","1"
"1","4","24","2","1","4526","3","1","3","3","2","3","74","2","2","1","1","1","2","2","2","4","1"
"2","1","36","4","8","2671","1","1","4","1","4","4","50","2","1","1","2","1","1","2","1","2","1"
"1","4","18","4","8","2051","3","3","4","3","1","3","33","2","2","1","2","1","1","2","2","4","1"
"1","4","15","4","3","1300","5","4","4","3","4","4","45","1","1","1","2","2","1","2","2","4","1"
"2","2","12","4","4","741","1","5","4","3","3","1","22","2","2","1","2","1","1","2","1","2","1"
"2","3","10","4","2","1240","1","4","1","3","4","4","48","2","1","1","4","2","1","2","1","2","0.872727272727273"
"1","2","21","4","8","3357","4","3","4","3","2","2","29","1","2","1","2","1","1","2","1","2","1"
"1","2","24","1","3","3632","3","1","1","2","4","2","22","1","3","1","2","1","1","1","1","2","1"
"2","4","18","3","6","1808","3","2","4","3","1","3","22","2","2","1","2","1","1","2","1","2","1"
"1","1","48","5","1","12204","5","1","2","3","2","2","48","1","2","1","1","1","2","2","2","4","1"
"1","1","60","3","8","9157","5","1","2","3","2","4","27","2","1","1","1","1","1","2","2","4","1"
"1","2","6","2","2","3676","3","1","1","3","3","3","37","2","3","3","2","2","1","2","2","4","1"
"2","1","30","4","6","3441","1","1","2","1","4","2","21","2","3","1","2","1","1","2","1","2","1"
"1","4","12","4","2","640","3","1","4","3","2","3","49","2","2","1","4","1","1","2","2","1","1"
"1","1","21","2","1","3652","3","2","2","3","3","1","27","2","2","2","2","1","1","2","2","4","1"
"2","4","18","2","2","1530","3","1","3","3","2","1","32","1","2","2","2","1","1","2","2","4","1"
"2","4","48","4","1","3914","5","1","4","3","2","3","38","1","2","1","2","1","1","2","2","1","1"
"1","2","12","4","6","1858","3","3","4","3","1","2","22","2","3","1","2","1","1","2","1","2","1"
"2","2","18","4","8","2600","3","1","4","3","4","4","65","2","1","2","2","1","1","2","2","4","1"
"1","4","15","4","8","1979","5","4","4","3","2","2","35","2","2","1","2","1","1","2","2","4","1"
"1","3","6","4","6","2116","3","1","2","3","2","3","41","2","2","1","2","1","2","2","2","4","1"
"2","1","9","1","2","1437","1","2","2","3","3","4","29","2","2","1","2","1","1","2","2","4","1"
"1","4","42","2","6","4042","2","1","4","3","4","3","36","2","2","2","2","1","2","2","2","4","1"
"1","4","9","4","5","3832","5","4","1","3","4","3","64","2","2","1","4","1","1","2","2","4","1"
"1","2","24","4","8","3660","3","1","2","3","4","2","28","2","2","1","2","1","1","2","1","2","1"
"2","2","18","1","6","1553","3","1","4","3","3","2","44","1","2","1","2","1","1","2","2","4","1"
"1","1","15","4","8","1444","5","3","4","3","1","1","23","2","2","1","2","1","1","2","2","4","1"
"2","4","9","4","6","1980","3","3","2","1","2","2","19","2","3","2","2","1","1","2","1","2","1"
"2","1","24","4","2","1355","3","3","3","3","4","2","25","2","2","1","4","1","2","2","1","2","0.872727272727273"
"1","4","12","4","5","1393","3","4","4","3","4","1","47","1","2","3","2","2","2","2","2","4","1"
"1","4","24","4","8","1376","2","2","4","3","1","2","28","2","2","1","2","1","1","2","1","2","1"
"1","4","60","3","8","15653","3","2","2","3","4","2","21","2","2","2","2","1","2","2","2","4","1"
"1","4","12","4","8","1493","3","3","4","3","3","2","34","2","2","1","2","2","1","2","1","2","1"
"2","2","42","3","8","4370","3","2","3","3","2","1","26","1","2","2","2","2","2","2","2","4","1"
"2","2","18","4","5","750","3","5","4","3","1","3","27","2","2","1","3","1","1","2","1","2","1"
"1","1","15","4","9","1308","3","4","4","3","4","2","38","2","2","2","4","1","1","2","2","4","1"
"2","4","15","4","5","4623","1","1","3","3","2","1","40","2","2","1","1","1","2","2","2","4","1"
"1","4","24","2","8","1851","3","2","4","2","2","2","33","2","2","2","2","1","2","2","2","3","1"
"1","2","18","2","8","1880","3","2","4","3","1","1","32","2","2","2","1","1","2","2","2","3","1"
"2","4","36","3","1","7980","5","3","4","3","4","2","27","2","3","2","2","1","2","2","2","4","1"
"1","2","30","5","6","4583","3","1","2","2","2","3","32","2","2","2","2","1","1","2","2","1","1"
"2","4","12","4","2","1386","2","1","2","3","2","1","26","2","2","1","2","1","1","2","1","2","1"
"2","3","24","4","2","947","3","2","4","3","3","4","38","1","1","1","2","2","1","2","2","4","1"
"2","2","12","4","5","684","3","1","4","3","4","2","40","2","3","1","4","2","1","2","2","4","1"
"1","2","48","4","5","7476","3","2","4","3","1","4","50","2","1","1","1","1","2","2","2","4","1"
"2","1","12","4","6","1922","3","1","4","3","2","1","37","2","2","1","4","1","1","2","2","4","1"
"2","2","24","4","2","2303","3","4","4","1","1","3","45","2","2","1","2","1","1","2","2","4","1"
"2","1","36","3","2","8086","1","4","2","3","4","2","42","2","2","4","1","1","2","2","2","4","1"
"1","4","24","2","3","2346","3","2","4","3","3","2","35","2","2","2","2","1","2","2","2","4","1"
"1","2","14","4","2","3973","3","5","1","3","4","4","22","2","1","1","2","1","1","2","2","4","1"
"2","1","12","4","2","888","3","4","4","3","4","2","41","1","2","1","4","2","1","2","2","4","1"
"1","4","48","4","8","10222","5","2","4","3","3","2","37","3","2","1","2","1","2","2","2","4","1"
"1","1","30","5","1","4221","3","1","2","3","1","2","28","2","2","2","2","1","1","2","1","2","1"
"1","1","18","2","6","6361","3","4","2","3","1","4","41","2","2","1","2","1","2","2","2","4","1"
"1","3","12","4","8","1297","3","1","3","3","4","3","23","2","3","1","2","1","1","2","2","3","1"
"2","2","12","4","2","900","5","1","4","3","2","2","23","2","2","1","2","1","1","2","2","3","1"
"1","4","21","4","6","2241","3","4","4","3","2","3","50","2","2","2","2","1","1","2","2","4","1"
"1","1","6","3","6","1050","3","5","4","3","1","1","35","3","2","2","1","1","2","2","2","4","1"
"1","3","6","2","5","1047","3","1","2","3","4","1","50","2","2","1","4","1","1","2","1","2","1.06666666666667"
"1","4","24","2","7","6314","3","5","4","1","2","4","27","1","2","2","1","1","2","2","2","4","1"
"1","1","30","1","6","3496","4","1","4","3","2","2","34","3","2","1","2","2","2","2","2","4","1"
"1","4","48","1","1","3609","3","1","1","3","1","3","27","3","2","1","2","1","1","2","1","2","1"
"2","2","12","2","2","4843","3","4","3","1","4","1","43","2","3","2","2","1","2","2","2","4","1"
"1","3","30","2","8","3017","3","4","4","3","4","1","47","2","2","1","2","1","1","2","2","4","1"
"1","4","24","2","1","4139","1","1","3","3","3","1","27","2","2","2","4","1","2","2","2","4","1"
"1","4","36","4","1","5742","1","2","2","3","2","2","31","2","2","2","2","1","2","2","2","4","1"
"1","4","60","4","2","10366","3","4","2","3","4","1","42","2","2","1","1","1","2","2","2","4","1"
"1","4","6","2","2","2080","2","1","1","3","2","2","24","2","2","1","2","1","1","2","2","3","1"
"2","4","21","3","1","2580","2","3","4","3","2","3","41","1","2","1","4","2","1","2","2","4","1"
"1","4","30","2","8","4530","3","2","4","3","4","2","26","2","3","1","1","1","2","2","1","2","1"
"1","4","24","2","6","5150","3","4","4","3","4","2","33","2","2","1","2","1","2","2","2","4","1"
"2","1","72","4","8","5595","1","1","2","3","2","2","24","2","2","1","2","1","1","2","2","3","1"
"1","2","24","4","8","2384","3","4","4","3","4","3","64","1","3","1","4","1","1","2","2","4","1"
"1","4","18","4","8","1453","3","3","3","3","1","3","26","2","2","1","2","1","1","2","1","2","1"
"1","4","6","4","5","1538","3","3","1","3","2","4","56","2","2","1","2","1","1","2","1","2","1"
"1","4","12","4","8","2279","5","1","4","3","4","4","37","2","1","1","2","1","2","2","2","4","1"
"1","4","15","3","8","1478","3","1","4","3","3","3","33","1","2","2","2","1","1","2","2","3","1"
"1","4","24","2","8","5103","3","3","3","3","3","4","47","2","1","3","2","1","2","2","2","3","1"
"1","1","36","3","1","9857","1","2","1","3","3","1","31","2","2","2","4","2","2","2","2","4","1"
"1","4","60","4","2","6527","5","1","4","3","4","4","34","2","1","1","2","2","2","2","2","4","1"
"1","3","10","2","8","1347","5","2","4","3","2","1","27","2","2","2","2","1","2","2","2","4","1"
"1","1","36","3","2","2862","1","4","4","3","3","4","30","2","1","1","2","1","1","2","2","4","1"
"1","4","9","4","8","2753","1","4","3","1","4","2","35","2","2","1","2","1","2","2","2","4","1"
"1","2","12","4","2","3651","4","1","1","3","3","1","31","2","2","1","2","2","1","2","2","4","1"
"1","2","15","2","6","975","3","1","2","3","3","1","25","2","2","2","2","1","1","2","2","1","1"
"1","1","15","4","9","2631","1","1","3","3","2","3","25","2","2","1","4","1","1","2","1","2","1.06666666666667"
"1","1","24","4","8","2896","1","3","2","3","1","2","29","2","2","1","2","1","1","2","2","4","1"
"1","2","6","2","2","4716","5","3","1","3","3","3","44","2","2","2","4","2","1","2","2","4","1"
"1","4","24","4","8","2284","3","2","4","3","2","2","28","2","2","1","2","1","2","2","2","4","1"
"1","4","6","4","3","1236","2","1","2","3","4","1","50","2","3","1","2","1","1","2","2","4","1"
"1","1","12","4","8","1103","3","2","4","2","3","3","29","2","2","2","2","1","1","1","2","4","1"
"1","4","12","2","2","926","3","5","1","3","2","1","38","2","2","1","3","1","1","2","1","2","1"
"1","4","18","2","8","1800","3","1","4","3","2","2","24","2","2","2","2","1","1","2","2","4","1"
"1","3","15","4","5","1905","3","4","4","3","4","2","40","2","3","1","1","1","2","2","2","4","1"
"2","4","12","4","6","1123","2","1","4","3","4","2","29","2","3","1","4","1","1","2","1","2","0.872727272727273"
"2","2","48","2","3","6331","3","4","4","3","4","4","46","2","1","2","2","1","2","2","2","4","1"
"1","3","24","4","8","1377","1","4","4","3","2","4","47","2","1","1","2","1","2","2","1","2","1"
"1","1","30","3","1","2503","1","4","4","3","2","1","41","3","2","2","2","1","1","2","2","4","1"
"1","1","27","4","1","2528","3","3","4","3","1","1","32","2","2","1","2","2","2","2","1","2","1"
"1","4","15","4","2","5324","2","4","1","3","4","4","35","2","1","1","2","1","1","2","1","2","1"
"2","1","48","4","2","6560","1","2","3","3","2","1","24","2","2","1","2","1","1","2","2","4","1"
"2","1","12","5","6","2969","3","3","4","3","3","1","25","2","3","2","2","1","1","2","1","2","1"
"1","1","9","4","8","1206","3","4","4","3","4","3","25","2","2","1","2","1","1","2","1","2","1"
"1","1","9","4","8","2118","3","1","2","3","2","3","37","2","2","1","4","2","1","2","2","4","1"
"1","4","18","2","8","629","2","4","4","3","3","1","32","1","2","2","1","1","2","2","2","4","1"
"2","2","6","1","5","1198","3","4","4","3","4","4","35","2","1","1","2","1","1","2","1","2","1"
"1","4","21","4","3","2476","5","4","4","3","4","3","46","2","2","1","1","1","2","2","2","4","1"
"1","2","9","2","8","1138","3","1","4","3","4","3","25","2","2","2","4","1","1","2","2","4","1"
"2","1","60","4","2","14027","3","2","4","3","2","4","27","2","2","1","1","1","2","2","2","4","1"
"1","4","30","2","3","7596","5","4","1","3","4","2","63","2","2","2","2","1","1","2","2","4","1"
"1","4","30","2","8","3077","5","4","3","3","2","2","40","2","2","2","2","2","2","2","2","4","1"
"1","4","18","4","8","1505","3","1","4","3","2","4","32","2","1","1","1","1","2","2","2","4","1"
"1","3","24","2","8","3148","5","1","3","3","2","2","31","2","2","2","2","1","2","2","2","4","1"
"1","1","20","5","3","6148","1","4","3","3","4","2","31","1","2","2","2","1","2","2","2","3","1"
"2","3","9","5","8","1337","3","3","4","3","2","2","34","2","2","2","1","1","2","2","2","4","1"
"2","1","6","1","5","433","4","3","4","3","2","1","24","1","3","1","2","2","1","2","1","2","1"
"2","2","12","4","2","1228","3","1","4","3","2","3","24","2","2","1","4","1","1","2","1","2","0.872727272727273"
"1","1","9","4","8","790","2","1","4","3","3","3","66","2","2","1","4","1","1","2","1","2","1.06666666666667"
"2","4","27","4","2","2570","3","1","3","3","3","3","21","2","3","1","2","1","1","2","1","2","1"
"1","4","6","2","2","250","4","1","2","3","2","3","41","1","2","2","4","1","1","2","1","2","1.06666666666667"
"1","4","15","2","8","1316","2","1","2","3","2","1","47","2","2","2","4","1","1","2","2","3","1"
"2","2","18","4","8","1882","3","1","4","3","4","2","25","1","3","2","2","1","1","2","1","2","1"
"2","1","48","1","1","6416","3","4","4","3","3","4","59","2","3","1","2","1","1","2","1","2","1"
"1","3","24","2","1","1275","4","1","2","3","4","3","36","2","2","2","2","1","2","2","2","1","1"
"1","1","24","3","8","6403","3","3","1","3","2","2","33","2","2","1","2","1","1","2","2","4","1"
"2","2","24","4","8","1987","3","1","2","3","4","3","21","2","3","1","4","2","1","2","2","4","1"
"1","1","8","4","8","760","3","2","4","2","2","3","44","2","2","1","4","1","1","2","1","2","1.06666666666667"
"1","4","24","4","3","2603","4","1","2","3","4","2","28","2","3","1","2","1","2","2","1","2","1"
"1","4","4","2","2","3380","3","2","1","3","1","3","37","2","2","1","2","2","1","2","1","2","1"
"1","1","36","1","4","3990","5","3","3","3","2","4","29","1","2","1","3","1","1","2","1","2","1"
"2","1","24","4","3","11560","3","1","1","3","4","2","23","2","3","2","1","1","1","2","1","2","1"
"1","2","18","4","2","4380","1","1","3","3","4","2","35","2","2","1","4","2","2","2","2","4","1"
"1","4","6","2","2","6761","3","2","1","3","3","4","45","2","2","2","1","2","2","2","2","4","1"
"2","1","30","5","1","4280","1","1","4","3","4","2","26","2","3","2","4","1","1","2","1","2","0.872727272727273"
"1","2","24","1","2","2325","1","2","2","3","3","2","32","1","2","1","2","1","1","2","2","4","1"
"1","1","10","1","8","1048","3","1","4","3","4","3","23","3","2","1","4","1","1","2","2","4","1"
"1","4","21","4","8","3160","5","4","4","3","3","1","41","2","2","1","2","1","2","2","2","4","1"
"1","2","24","1","6","2483","2","1","4","3","4","3","22","3","2","1","2","1","2","2","2","4","1"
"1","2","39","2","6","14179","5","2","4","3","4","1","30","2","2","2","1","1","2","2","2","4","1"
"1","2","13","2","1","1797","3","3","3","3","1","1","28","1","2","2","4","1","1","2","2","4","1"
"1","2","15","4","2","2511","3","5","1","3","4","2","23","2","3","1","2","1","1","2","1","2","1"
"2","2","12","4","2","1274","3","3","3","3","1","3","37","2","2","1","4","1","1","2","1","2","0.872727272727273"
"1","4","21","4","3","5248","5","1","1","3","3","2","26","2","2","1","2","1","1","2","2","4","1"
"1","4","15","4","3","3029","3","2","2","3","2","2","33","2","2","1","2","1","1","2","2","4","1"
"1","2","6","4","6","428","3","4","2","3","1","1","49","1","2","1","2","1","2","2","1","2","1"
"2","2","18","4","2","976","3","3","1","3","2","2","23","2","2","1","4","1","1","2","1","2","0.872727272727273"
"1","1","12","4","1","841","1","2","2","3","4","3","23","2","3","1","4","1","1","2","1","2","1.06666666666667"
"1","4","30","2","8","5771","3","2","4","3","2","2","25","2","2","2","2","1","1","2","1","2","1"
"2","4","12","3","9","1555","4","4","4","3","4","4","55","2","1","2","2","2","1","2","2","4","1"
"2","2","24","4","2","1285","5","2","4","3","4","4","32","2","3","1","2","1","1","2","1","2","1"
"1","3","6","2","2","1299","3","1","1","3","1","3","74","2","2","3","3","2","1","1","2","4","1"
"2","3","15","2","8","1271","5","1","3","3","4","4","39","2","1","2","2","1","2","2","2","4","1"
"1","4","24","4","2","1393","3","1","2","2","2","3","31","2","2","1","2","1","2","2","2","4","1"
"2","2","12","2","2","691","3","4","4","3","3","1","35","2","2","2","2","1","1","2","2","4","1"
"1","4","15","2","2","5045","5","4","1","3","4","2","59","2","2","1","2","1","2","2","1","2","1"
"2","2","18","2","6","2124","3","1","4","3","4","3","24","2","3","2","2","1","1","2","1","2","1"
"1","2","12","4","8","2214","3","1","4","3","3","1","24","2","2","1","4","1","1","2","2","4","1"
"2","4","21","2","2","12680","5","4","4","3","4","4","30","2","1","1","1","1","2","2","2","4","1"
"1","4","24","2","2","2463","1","2","4","3","3","1","27","2","2","2","2","1","2","2","2","3","1"
"1","1","12","4","8","1155","3","4","3","2","3","3","40","1","2","2","4","1","1","2","2","3","1"
"2","2","30","4","6","3108","3","3","2","3","4","1","31","2","2","1","4","1","1","2","2","1","1"
"1","4","10","4","3","2901","5","3","1","3","4","3","31","2","3","1","2","1","1","2","1","2","1"
"1","1","12","2","6","3617","3","4","1","3","4","2","28","2","3","3","2","1","2","2","2","4","1"
"1","4","12","2","8","1655","3","4","2","3","4","3","63","2","2","2","4","1","2","2","2","4","1"
"1","2","24","4","3","2812","5","4","2","3","4","3","26","2","3","1","2","1","1","2","1","2","1"
"2","2","36","2","5","8065","3","1","3","3","2","4","25","2","2","2","1","1","2","2","1","2","1"
"1","4","21","2","3","3275","3","4","1","3","4","2","36","2","2","1","1","1","2","2","2","4","1"
"1","4","24","2","8","2223","1","4","4","3","4","1","52","1","2","2","2","1","1","2","2","4","1"
"1","3","12","2","2","1480","2","5","2","3","4","4","66","1","1","3","3","1","1","2","2","4","1"
"2","2","24","4","2","1371","5","1","4","3","4","3","25","2","3","1","2","1","1","2","1","2","1"
"1","4","36","2","2","3535","3","2","4","3","4","2","37","2","2","2","2","1","2","2","2","4","1"
"1","2","18","4","8","3509","3","2","4","2","1","3","25","2","2","1","2","1","1","2","1","2","1"
"1","4","36","2","3","5711","4","4","4","3","2","2","38","2","2","2","1","1","2","2","2","4","1"
"1","1","18","4","9","3872","3","5","2","3","4","2","67","2","2","1","2","1","2","2","1","2","1"
"2","1","39","2","8","4933","3","2","2","2","2","3","25","2","2","2","2","1","1","2","2","4","1"
"1","4","24","2","2","1940","4","4","4","3","4","3","60","2","2","1","2","1","2","2","2","4","1"
"1","1","12","5","10","1410","3","1","2","3","2","3","31","2","2","1","4","1","2","2","2","4","1"
"2","1","12","4","2","836","1","3","4","3","2","1","23","1","2","1","4","1","1","2","1","2","0.872727272727273"
"1","1","20","4","3","6468","5","5","1","3","4","3","60","2","2","1","1","1","2","2","2","1","1"
"1","1","18","4","1","1941","4","1","4","3","2","1","35","2","2","1","4","1","2","2","2","4","1"
"1","4","22","4","8","2675","2","4","3","3","4","2","40","2","2","1","2","1","1","2","2","4","1"
"1","4","48","2","3","2751","5","4","4","3","3","2","38","2","2","2","2","2","2","2","2","4","1"
"2","1","48","3","5","6224","3","4","4","3","4","4","50","2","1","1","2","1","1","2","2","4","1"
"2","2","40","2","5","5998","3","1","4","3","3","4","27","1","2","1","2","1","2","2","2","4","1"
"2","1","21","4","1","1188","3","4","2","3","4","1","39","2","2","1","2","2","1","2","1","2","1"
"1","4","24","4","3","6313","5","4","3","3","4","2","41","2","2","1","1","2","2","2","2","4","1"
"1","4","6","2","6","1221","5","1","1","3","2","1","27","2","2","2","2","1","1","2","2","3","1"
"1","3","24","4","6","2892","3","4","3","3","4","4","51","2","1","1","2","1","1","2","2","1","1"
"1","4","24","4","6","3062","2","4","4","3","3","4","32","2","3","1","2","1","2","2","2","4","1"
"1","4","9","4","6","2301","1","3","2","3","4","1","22","2","3","1","2","1","1","2","1","2","1"
"2","2","18","4","3","7511","5","4","1","3","4","1","51","2","1","1","2","2","2","2","2","4","1"
"1","4","12","2","6","1258","3","3","2","3","4","1","22","2","3","2","4","1","1","2","1","2","1.06666666666667"
"1","4","24","3","2","717","5","4","4","3","4","2","54","2","2","2","2","1","2","2","2","3","1"
"1","1","9","4","2","1549","5","3","4","3","2","3","35","2","2","1","3","1","1","2","2","4","1"
"1","4","24","2","5","1597","3","4","4","3","4","4","54","2","1","2","2","2","1","2","2","4","1"
"1","1","18","2","8","1795","3","4","3","2","4","3","48","1","3","2","4","1","2","2","1","2","1.06666666666667"
"1","2","20","2","6","4272","3","4","1","3","4","1","24","2","2","2","2","1","1","2","1","2","1"
"1","4","12","2","8","976","5","4","4","3","4","2","35","2","2","2","2","1","1","2","2","4","1"
"1","1","12","4","2","7472","5","5","1","3","2","3","24","2","3","1","3","1","1","2","1","2","1"
"2","2","36","4","2","9271","3","2","2","3","1","2","24","2","2","1","2","1","2","2","2","4","1"
"1","1","6","4","8","590","3","3","3","3","3","3","26","2","2","1","4","1","1","1","2","3","1"
"1","4","12","2","8","930","5","4","4","3","4","3","65","2","2","4","2","1","1","2","2","4","1"
"1","1","42","1","3","9283","3","5","1","3","2","4","55","1","1","1","1","1","2","2","2","4","1"
"2","1","15","5","2","1778","3","3","2","3","1","3","26","2","3","2","3","1","1","2","1","2","1"
"1","1","8","4","1","907","3","3","3","3","2","3","26","2","2","1","2","1","2","2","2","3","1"
"1","1","6","4","8","484","3","2","3","2","3","3","28","1","2","1","4","1","1","2","2","3","1"
"2","2","36","2","3","9629","3","2","4","3","4","2","24","2","2","2","2","1","2","2","2","4","1"
"2","2","48","4","4","3051","3","1","3","3","4","2","54","2","2","1","2","1","1","2","2","4","1"
"2","2","48","4","2","3931","3","2","4","3","4","4","46","2","1","1","2","2","1","2","2","4","1"
"1","1","36","3","2","7432","3","1","2","3","2","1","54","2","3","1","2","1","1","2","1","2","1"
"1","4","6","4","4","1338","2","1","1","3","4","3","62","2","2","1","2","1","1","2","2","1","1"
"1","4","6","2","8","1554","3","2","1","3","2","2","24","2","3","2","2","1","2","2","1","2","1"
"1","2","36","4","7","15857","3","5","2","1","3","2","43","2","2","1","1","1","1","2","2","1","1"
"2","2","18","4","8","1345","3","1","4","3","3","3","26","1","2","1","2","1","1","2","2","3","1"
"1","4","12","4","2","1101","3","1","3","3","2","3","27","2","2","2","2","1","2","2","2","3","1"
"1","3","12","4","8","3016","3","1","3","3","1","2","24","2","2","1","2","1","1","2","2","3","1"
"2","2","36","4","6","2712","3","4","2","3","2","1","41","1","2","1","2","2","1","2","2","4","1"
"1","2","8","2","2","731","3","4","4","3","4","3","47","2","2","2","4","1","1","2","2","4","1"
"1","4","18","2","6","3780","3","3","3","3","2","2","35","2","2","2","1","1","2","2","2","1","1"
"1","2","21","2","2","1602","3","4","4","3","3","2","30","2","2","2","2","1","2","2","2","3","1"
"2","2","18","2","2","3966","3","4","1","3","4","3","33","1","3","3","2","1","2","2","1","2","1"
"2","4","18","5","1","4165","3","1","2","3","2","2","36","3","2","2","2","2","1","2","2","4","1"
"2","2","36","4","3","8335","5","4","3","3","4","4","47","2","1","1","2","1","1","2","2","4","1"
"1","1","48","3","1","6681","5","1","4","3","4","4","38","2","1","1","2","2","2","2","2","4","1"
"1","4","24","3","1","2375","2","1","4","3","2","2","44","2","2","2","2","2","2","2","2","4","1"
"2","2","18","4","2","1216","3","3","4","3","3","2","23","2","3","1","2","1","2","2","1","2","1"
"2","2","45","5","1","11816","3","4","2","3","4","2","29","2","3","2","2","1","1","2","2","4","1"
"1","1","24","4","8","5084","5","4","2","3","4","2","42","2","2","1","2","1","2","2","1","2","1"
"2","3","15","4","8","2327","3","3","2","3","3","3","25","2","2","1","4","1","1","2","1","2","0.872727272727273"
"2","2","12","5","2","1082","3","1","4","3","4","2","48","1","2","2","2","1","1","2","2","4","1"
"1","4","12","4","8","886","5","1","4","3","2","2","21","2","2","1","2","1","1","2","1","2","1"
"1","4","4","4","6","601","3","3","1","3","3","3","23","2","3","1","4","2","1","2","1","2","1.06666666666667"
"1","2","24","2","3","2957","3","4","4","3","4","1","63","2","2","2","2","1","2","2","2","4","1"
"1","4","24","2","8","2611","3","4","4","1","3","3","46","2","2","2","2","1","1","2","2","3","1"
"2","2","36","4","6","5179","3","2","4","3","2","1","29","2","2","1","2","1","1","2","2","4","1"
"1","4","21","3","3","2993","3","1","3","3","2","3","28","3","2","2","4","1","1","2","2","4","1"
"2","4","18","4","9","1943","3","3","4","3","4","3","23","2","2","1","2","1","1","2","1","2","1"
"1","4","24","1","1","1559","3","2","4","3","4","2","50","1","2","1","2","1","2","2","2","4","1"
"1","4","18","4","6","3422","3","4","4","3","4","1","47","1","2","3","2","2","2","2","2","4","1"
"1","1","21","4","6","3976","5","2","2","3","3","2","35","2","2","1","2","1","2","2","2","4","1"
"2","4","18","4","2","6761","5","1","2","3","4","2","68","2","3","2","2","1","1","2","2","4","1"
"1","4","24","4","2","1249","3","3","4","3","2","3","28","2","2","1","2","1","1","2","2","3","1"
"1","2","9","4","8","1364","3","2","3","3","4","3","59","2","2","1","2","1","1","2","2","4","1"
"2","2","12","4","8","709","3","4","4","3","4","3","57","3","2","1","4","1","1","2","2","4","1"
"2","2","20","2","2","2235","3","1","4","2","2","1","33","1","3","2","2","1","1","1","2","3","1.2"
"1","4","24","2","3","4042","5","2","3","3","4","1","43","2","2","2","2","1","2","2","2","4","1"
"1","4","15","2","8","1471","3","1","4","3","4","4","35","2","1","2","2","1","2","2","2","4","1"
"2","2","18","1","2","1442","3","2","4","3","4","4","32","2","1","2","4","2","1","2","2","4","1"
"1","4","36","3","2","10875","3","4","2","3","2","2","45","2","2","2","2","2","2","2","2","4","1"
"1","4","24","4","2","1474","1","3","4","3","3","3","33","2","2","1","2","1","2","2","2","3","1"
"1","4","10","4","10","894","5","2","4","3","3","1","40","2","2","1","2","1","2","2","1","2","1"
"1","4","15","2","6","3343","3","1","4","3","2","4","28","2","1","1","2","1","2","2","2","4","1"
"2","2","15","4","2","3959","3","1","3","3","2","1","29","2","2","1","2","1","2","2","1","2","1"
"1","4","9","4","2","3577","1","1","1","2","2","3","26","2","3","1","2","2","1","1","2","4","1"
"1","4","24","2","3","5804","4","1","4","3","2","3","27","2","2","2","2","1","1","2","2","4","1"
"2","4","18","3","1","2169","3","1","4","3","2","2","28","2","2","1","2","1","2","2","2","3","1"
"2","2","24","4","8","2439","3","3","4","3","4","3","35","2","2","1","2","1","2","2","1","2","1"
"1","4","27","2","6","4526","4","3","4","3","2","3","32","3","2","2","4","2","2","2","2","4","1"
"2","4","10","4","6","2210","3","1","2","3","2","3","25","1","3","1","4","1","1","2","2","4","1"
"1","4","15","4","6","2221","2","1","2","3","4","2","20","2","3","1","2","1","1","2","1","2","1"
"1","2","18","4","8","2389","3","3","4","3","1","2","27","3","2","1","2","1","1","2","1","2","1"
"1","4","12","2","6","3331","3","4","2","3","4","1","42","3","2","1","2","1","1","2","2","4","1"
"1","4","36","4","1","7409","5","4","3","3","2","1","37","2","2","2","2","1","1","2","2","4","1"
"1","2","12","4","6","652","3","4","4","3","4","1","24","2","3","1","2","1","1","2","1","2","1"
"1","4","36","3","6","7678","2","2","2","3","4","2","40","2","2","2","2","1","2","2","1","2","1"
"1","3","6","2","2","1343","3","4","1","3","4","3","46","2","2","2","2","2","1","1","2","4","1"
"1","2","24","2","1","1382","1","2","4","3","1","3","26","2","2","2","2","1","2","2","2","4","1"
"1","4","15","4","4","874","5","3","4","3","1","3","24","2","2","1","2","1","1","2","1","2","1"
"1","2","12","4","6","3590","3","1","2","1","2","1","29","2","2","1","4","2","1","2","2","4","1"
"1","1","11","2","2","1322","4","1","4","3","4","2","40","2","2","2","2","1","1","2","1","2","1"
"1","2","18","1","8","1940","3","3","3","1","4","4","36","1","1","1","1","1","2","2","2","4","1"
"1","4","36","4","8","3595","3","4","4","3","2","2","28","2","2","1","2","1","1","2","2","4","1"
"2","2","9","4","2","1422","3","3","3","3","2","4","27","2","1","1","1","1","2","2","2","4","1"
"1","4","30","2","8","6742","5","2","2","3","3","1","36","2","2","2","2","1","1","2","2","4","1"
"1","4","24","4","3","7814","3","2","3","3","3","2","38","2","2","1","1","1","2","2","2","4","1"
"1","4","24","4","3","9277","5","1","2","3","4","4","48","2","1","1","2","1","2","2","2","1","1"
"1","1","30","2","2","2181","5","4","4","3","4","3","36","2","2","2","2","1","1","2","2","4","1"
"1","4","18","2","8","1098","3","5","4","3","4","2","65","2","2","2","3","1","1","2","1","2","1"
"2","1","24","4","6","4057","3","2","3","3","3","2","43","2","2","1","2","1","2","2","2","1","1"
"2","2","12","4","5","795","3","3","4","3","4","1","53","2","2","1","2","1","1","2","1","2","1"
"1","1","24","2","1","2825","5","2","4","3","3","4","34","2","2","2","2","2","2","2","2","4","1"
"2","1","48","4","1","15672","3","1","2","3","2","2","23","2","2","1","2","1","2","2","2","4","1"
"1","4","36","2","2","6614","3","4","4","3","4","2","34","2","2","2","1","1","2","2","2","4","1"
"1","4","28","1","3","7824","5","3","3","2","4","3","40","1","3","2","2","2","2","2","2","4","1"
"1","2","27","2","1","2442","3","4","4","3","4","2","43","3","2","4","1","2","2","2","2","4","1"
"1","4","15","2","8","1829","3","4","4","3","4","2","46","2","2","2","2","1","2","2","2","4","1"
"1","2","12","2","2","2171","3","1","4","3","4","1","38","1","2","2","4","1","1","1","2","4","1"
"1","1","36","2","3","5800","3","1","3","3","4","2","34","2","2","2","2","1","2","2","2","4","1"
"1","4","18","2","8","1169","5","1","4","3","3","1","29","2","2","2","2","1","2","2","2","4","1"
"1","4","36","3","3","8947","5","2","3","3","2","2","31","3","2","1","1","2","2","2","2","4","1"
"1","2","21","4","8","2606","3","3","4","3","4","1","28","2","3","1","1","1","2","2","1","2","1"
"1","4","12","2","6","1592","4","2","3","3","2","1","35","2","2","1","2","1","1","1","1","2","1"
"1","4","15","4","6","2186","5","2","1","3","4","3","33","1","3","1","4","1","1","2","1","2","1.06666666666667"
"2","2","18","4","6","4153","3","1","2","1","3","2","42","2","2","1","2","1","1","2","2","4","1"
"2","2","16","2","2","2625","3","4","2","2","4","1","43","1","3","1","2","1","2","2","2","4","1"
"1","4","20","2","2","3485","5","3","2","3","4","3","44","2","2","2","2","1","2","2","2","1","1"
"1","4","36","2","3","10477","5","4","2","3","4","4","42","2","1","2","2","1","1","2","2","4","1"
"1","4","15","4","8","1386","5","1","4","3","2","3","40","2","3","1","2","1","2","2","2","3","1"
"1","4","24","4","8","1278","3","4","4","3","1","3","36","2","2","1","1","1","2","2","2","4","1"
"1","2","12","4","8","1107","3","1","2","3","2","3","20","2","3","1","1","2","2","2","2","4","1"
"1","2","21","4","2","3763","5","2","2","1","2","3","24","2","2","1","4","1","1","1","2","4","1"
"1","1","36","4","5","3711","5","1","2","3","2","2","27","2","2","1","2","1","1","2","2","3","1"
"1","4","15","3","3","3594","3","3","1","3","2","1","46","2","2","2","4","1","1","2","1","2","1.06666666666667"
"1","1","9","4","2","3195","5","1","1","3","2","3","33","2","2","1","4","1","1","2","1","2","1.06666666666667"
"1","4","36","3","8","4454","3","1","4","3","4","3","34","2","2","2","2","1","1","2","1","2","1"
"2","1","24","2","6","4736","3","3","2","3","4","2","25","1","2","1","4","1","1","2","1","2","0.872727272727273"
"1","1","30","4","8","2991","5","4","2","3","4","2","25","2","2","1","2","1","1","2","1","2","1"
"1","4","11","4","1","2142","4","4","1","3","2","3","28","2","2","1","2","1","2","2","2","1","1"
"2","2","24","1","1","3161","3","1","4","3","2","1","31","2","3","1","2","1","2","2","2","4","1"
"2","1","48","5","7","18424","3","1","1","3","2","1","32","1","2","1","1","1","2","1","1","2","1"
"1","4","10","4","3","2848","1","1","1","1","2","3","32","2","2","1","2","2","1","2","2","4","1"
"2","2","6","4","2","14896","3","4","1","3","4","4","68","1","2","1","1","1","2","2","2","4","1"
"2","2","24","4","6","2359","1","5","1","3","1","1","33","2","2","1","2","1","1","2","2","1","1"
"2","2","24","4","6","3345","3","4","4","3","2","1","39","2","3","1","1","1","2","2","2","4","1"
"1","4","18","2","6","1817","3","1","4","3","2","4","28","2","2","2","2","1","1","2","1","2","1"
"1","4","48","3","8","12749","2","2","4","3","1","2","37","2","2","1","1","1","2","2","2","4","1"
"2","2","9","4","8","1366","3","3","3","3","4","1","22","2","3","1","2","1","1","2","1","2","1"
"1","1","12","4","2","2002","3","2","3","3","4","1","30","2","3","1","2","2","2","2","2","4","1"
"2","2","24","1","6","6872","3","3","2","3","1","1","55","1","2","1","2","1","2","2","2","1","1"
"2","2","12","1","2","697","3","3","4","3","2","2","46","1","2","2","2","1","2","2","2","4","1"
"1","2","18","2","6","1049","3","3","4","3","4","1","21","2","3","1","2","1","1","2","1","2","1"
"2","2","48","4","3","10297","3","2","4","3","4","4","39","3","1","3","2","2","2","2","2","4","1"
"1","4","30","4","8","1867","5","4","4","3","4","2","58","2","2","1","2","1","2","2","2","4","1"
"1","2","12","3","2","1344","3","1","4","3","2","3","43","2","2","2","4","2","1","2","2","4","1"
"1","2","24","4","6","1747","3","3","4","1","1","1","24","2","2","1","4","1","1","1","2","4","1"
"2","1","9","4","8","1670","3","3","4","3","2","2","22","2","2","1","2","1","2","2","1","2","1"
"1","4","9","2","2","1224","3","1","3","3","1","3","30","2","2","2","2","1","1","2","2","4","1"
"1","4","12","2","8","522","2","4","4","3","4","1","42","2","2","2","2","2","2","2","2","4","1"
"1","2","12","4","8","1498","3","1","4","3","1","2","23","1","2","1","2","1","1","2","1","2","1"
"2","1","30","3","8","1919","1","3","4","3","3","4","30","3","2","2","1","1","1","2","2","4","1"
"2","3","9","4","8","745","3","1","3","3","2","3","28","2","2","1","4","1","1","2","1","2","0.872727272727273"
"1","1","6","4","8","2063","3","3","4","3","3","2","30","2","3","1","1","1","2","2","2","3","1"
"2","1","60","4","5","6288","3","1","4","3","4","4","42","2","1","1","2","1","1","2","2","4","1"
"1","4","24","2","3","6842","5","1","2","3","4","1","46","2","2","2","1","2","2","2","2","4","1"
"1","4","12","4","2","3527","5","3","2","3","3","1","45","2","2","1","1","2","2","2","2","4","1"
"1","4","10","4","2","1546","3","1","3","3","2","3","31","2","2","1","4","2","1","1","2","4","1"
"1","4","24","4","6","929","5","2","4","3","2","2","31","3","2","1","2","1","2","2","2","4","1"
"1","4","4","2","2","1455","3","2","2","3","1","3","42","2","2","3","4","2","1","2","2","4","1"
"1","2","15","4","6","1845","3","3","4","2","1","1","46","2","3","1","2","1","1","2","1","2","1"
"1","1","48","5","2","8358","2","3","1","3","1","2","30","2","2","2","2","1","1","2","1","2","1"
"2","2","24","1","6","3349","2","3","4","3","4","4","30","2","1","1","2","2","2","2","2","4","1"
"1","4","12","4","2","2859","5","5","4","3","4","4","38","2","2","1","1","1","2","2","2","4","1"
"2","4","18","4","6","1533","3","3","4","1","1","1","43","2","2","1","4","2","1","2","2","3","1"
"2","4","24","4","8","3621","1","4","2","3","4","2","31","2","2","2","2","1","1","2","2","4","1"
"1","1","18","2","1","3590","3","5","3","3","3","2","40","2","2","3","3","2","2","2","2","3","1"
"2","2","36","3","1","2145","3","2","2","3","1","2","24","2","2","2","2","1","2","2","2","4","1"
"2","1","24","4","3","4113","2","3","3","3","4","2","28","2","3","1","2","1","1","2","1","2","1"
"2","4","36","4","6","10974","3","5","4","3","2","2","26","2","2","2","1","1","2","2","1","2","1"
"1","2","12","4","2","1893","3","1","4","2","4","1","29","2","2","1","2","1","2","2","1","2","1"
"1","2","24","2","8","1231","4","4","4","3","4","1","57","2","3","2","1","1","2","2","1","2","1"
"1","3","30","2","8","3656","5","4","4","3","4","1","49","3","2","2","4","1","1","2","2","4","1"
"1","1","9","2","8","1154","3","4","2","3","4","3","37","2","2","3","4","1","1","2","2","4","1"
"2","2","28","4","2","4006","3","1","3","3","2","2","45","2","2","1","4","1","1","2","2","4","1"
"1","1","24","4","6","3069","1","4","4","3","4","4","30","2","1","1","2","1","1","2","2","4","1"
"1","4","6","2","8","1740","3","4","2","3","2","3","30","2","3","2","2","1","1","2","2","3","1"
"1","1","21","3","2","2353","3","1","1","3","4","1","47","2","2","2","2","1","1","2","2","1","1"
"1","4","15","4","2","3556","5","1","3","3","2","4","29","2","2","1","2","1","1","2","2","4","1"
"2","4","24","4","8","2397","2","4","3","3","2","2","35","1","2","2","2","1","2","2","2","4","1"
"1","1","6","4","9","454","3","3","3","3","1","1","22","2","2","1","4","1","1","2","2","3","1"
"1","1","30","4","8","1715","5","1","4","3","1","2","26","2","2","1","2","1","1","2","1","2","1"
"2","1","27","2","8","2520","2","1","4","3","2","1","23","2","2","2","4","1","1","2","2","4","1"
"1","4","15","4","8","3568","3","4","4","3","2","2","54","1","3","1","1","1","2","2","1","2","1"
"1","4","42","4","8","7166","5","2","2","3","4","1","29","2","3","1","2","1","2","2","2","3","1"
"1","2","11","2","2","3939","3","1","1","3","2","3","40","2","2","2","4","2","1","2","2","4","1"
"1","1","15","4","9","1514","1","1","4","2","2","3","22","2","2","1","2","1","1","2","2","4","1"
"1","4","24","4","2","7393","3","1","1","3","4","1","43","2","2","1","4","2","1","2","2","4","1"
"2","2","24","1","2","1193","3","5","1","1","4","4","29","2","3","2","3","1","1","2","1","2","1"
"2","2","60","4","1","7297","3","4","4","1","4","4","36","2","3","1","2","1","1","2","2","4","1"
"1","4","30","2","8","2831","3","1","4","3","2","2","33","2","2","1","2","1","2","2","1","2","1"
"1","3","24","4","8","1258","2","1","3","3","3","2","57","2","2","1","4","1","1","2","1","2","1.06666666666667"
"1","1","6","4","8","753","3","1","2","2","3","3","64","2","2","1","2","1","1","2","1","2","1"
"1","1","18","3","1","2427","5","4","4","3","2","1","42","2","2","2","2","1","1","2","2","4","1"
"2","4","24","3","2","2538","3","4","4","3","4","2","47","2","2","2","4","2","1","2","2","4","1"
"2","1","15","1","2","1264","1","1","2","3","2","1","25","2","3","1","2","1","1","2","2","3","1"
"2","1","30","2","6","8386","3","2","2","3","2","1","49","2","2","1","2","1","1","2","2","4","1"
"2","4","48","4","1","4844","3","5","3","3","2","2","33","1","3","1","1","1","2","2","2","4","1"
"1","3","21","4","2","2923","1","1","1","3","1","2","28","1","2","1","1","1","2","2","1","2","1"
"2","2","36","4","3","8229","3","1","2","3","2","1","26","2","2","1","2","2","1","2","2","4","1"
"1","4","24","2","6","2028","3","2","2","3","2","1","30","2","2","2","4","1","1","2","2","4","1"
"1","2","15","2","6","1433","3","1","4","3","3","1","25","2","3","2","2","1","1","2","1","2","1"
"1","3","42","5","1","6289","3","3","2","3","1","1","33","2","2","2","2","1","1","2","2","1","1"
"1","4","13","4","8","1409","1","5","2","3","4","3","64","2","2","1","2","1","1","2","1","2","1"
"1","2","24","4","3","6579","3","5","4","3","2","4","29","2","1","1","1","1","2","2","2","4","1"
"1","1","24","2","8","1743","3","4","4","3","2","1","48","2","2","2","4","1","1","2","2","4","1"
"1","4","12","2","5","3565","5","3","2","3","1","1","37","2","2","2","4","2","1","2","2","4","1"
"1","4","15","1","8","1569","1","4","4","3","4","2","34","1","2","1","4","2","1","2","2","4","1"
"1","2","18","4","8","1936","5","2","2","3","4","2","23","2","3","2","4","1","1","2","2","3","1"
"1","2","36","4","6","3959","3","5","4","3","3","1","30","2","2","1","1","1","2","2","2","4","1"
"1","4","12","4","2","2390","5","4","4","3","3","2","50","2","2","1","2","1","2","2","2","4","1"
"1","4","12","4","6","1736","3","2","3","3","4","3","31","2","2","1","4","1","1","2","1","2","1.06666666666667"
"1","2","30","4","3","3857","3","1","4","3","4","1","40","2","2","1","1","1","2","2","2","1","1"
"1","4","12","4","8","804","3","4","4","3","4","2","38","2","2","1","2","1","1","2","2","4","1"
"2","2","45","4","8","1845","3","1","4","3","4","4","23","2","1","1","2","1","2","2","2","4","1"
"1","1","45","2","3","4576","1","5","3","3","4","2","27","2","2","1","2","1","1","2","2","4","1"
